Rank,Place,County,Type,TOTAL SCORE,Crime & safety,Schools,Rent cost,Close to SF,School/TK place,Urban density,2BR median rent $,3BR median rent $,2BR under $4k (est. listings),2BR under $4k supply,3BR under $4k (est. listings),3BR under $4k supply,Violent crime /1k,Property crime /1k,Elementary district,Elementary CAASPP % met,Elementary rating /10,Middle/high district,Middle/high CAASPP % met,Middle/high rating /10,"Drive to Ferry Bldg (min, off-peak)",Miles to SF (straight line),Urbanicity index,Population,District enrolment change 2023-25 %,School assignment system,TK capacity,Rank status,Sources,Notes
1,Moraga,Contra Costa,Town,73.1,83.1,86.9,71.0,65.1,71.4,61.4,2647,3750,93% of 2BR stock,Plenty,59% of 3BR stock,Some,2.7,13.8,Moraga Elementary,78.3,10,Acalanes Union High,73.2,10,27.7,14.7,361465,16870,0.6,address-based attendance area,not established,Ranked,crimegrade.org; CAASPP 2025 (CDE); moraga.k12.ca.us,enrolment +0.6% 2023-25 (flat); address-based assignment; All four URL patterns worked first try. 2BR and 3BR from the same Zumper page. GreatSchools confirmed Contra Costa County and gave the classic California two-district split: K-8 Moraga Elementary plus 9-12 Acalanes Union High.
2,Alamo,Contra Costa,Unincorporated community,69.8,81.0,89.2,83.2,44.0,73.8,47.4,2539,3299,95% of 2BR stock,Plenty,75% of 3BR stock,Plenty,2.6,16.5,San Ramon Valley Unified,77.5,10,San Ramon Valley Unified,76.9,10,37.9,20.1,285811,14570,-4.4,address-based attendance area,"Space-conditional rather than open-ended: a priority enrollment window runs November 1–30, after which ""applications will continue to be accepted after November 30 and throughout the year on a first-come, first-served basis, as space allows at your resident school."" No TK-specific lottery or named waitlist on the page.",Ranked,crimegrade.org; CAASPP 2025 (CDE); srvusd.net,"enrolment -4.4% 2023-25 (seats opening); address-based assignment; TK constrained; Unincorporated CDP but the plain Zumper city pattern worked; 2BR and 3BR from the same page. Crime: both CrimeGrade pages resolved and named Alamo - note this is Alamo, Contra Costa County CA, a name that collides with Alamo TX and Alamo NV, and the fetched pages were the CA ones. District: single UNIFIED district (San Ramon Valley Unified, K-12, 37 schools, based in neighbouring Danville) covers K-12, so the same name is correctly in both fields. Contra Costa County Office of Education was listed but ignored per i"
3,Broadmoor,San Mateo,Unincorporated community,68.5,95.5,35.9,47.3,87.4,67.4,77.7,3795,4390,57% of 2BR stock,Some,37% of 3BR stock,Some,1.1,9.5,Jefferson Elementary,47.1,7,Jefferson Union High,45.1,7,15.7,8.7,507607,4176,-1.6,,not established,Ranked,areavibes.com (modelled from demographics; place not in FBI UCR reporting); CAASPP 2025 (CDE),"enrolment trend only; assignment system and TK position not established; enrolment -1.6% 2023-25 (flat); CRIME RESOLVED via alternate. crimegrade.org/violent-crime-broadmoor-ca/ 404s. areavibes.com/broadmoor-ca/crime/ carries both figures on ONE page: violent 113 per 100,000 (5 reported incidents) and property 952 per 100,000 (42 reported incidents). I CONVERTED both to per-1,000 by dividing by 100: 113/100,000 -> 1.13 per 1,000; 952/100,000 -> 9.52 per 1,000. Page explicitly confirms 'Broadmoor in San Mateo County, CA' at population 4,304 - this is the CA CDP, not Broadmoor CO or any other namesake. Unlike the Sarana"
4,Strawberry,Marin,Unincorporated community,68.0,95.1,84.0,9.0,77.2,94.8,47.9,4300,9000,40% of 2BR stock,Some,0% of 3BR stock,Almost none,1.6,6.8,Mill Valley Elementary,83.5,10,Tamalpais Union High,61.5,9,21.8,9.0,291947,5393,-8.0,,not established,Ranked,areavibes.com (modelled from demographics; place not in FBI UCR reporting); CAASPP 2025 (CDE),"enrolment trend only; assignment system and TK position not established; enrolment -8.0% 2023-25 (seats opening); CRIME CONVERTED: areavibes reports violent 158 per 100,000 and property 676 per 100,000 (2024, population 5,466); divided by 100 to get per-1,000. Both figures off the same page. DISAMBIGUATION CAUTION: crimegrade.org/violent-crime-strawberry-ca/ returns the WRONG Strawberry - its neighbor list (Long Barn, Dorrington, Arnold, Murphys) is Tuolumne County, so its 18.26/1k violent figure was discarded. The areavibes page is very likely the Marin CDP: its nearby-cities list is Woodacre, Bolinas, Lagunitas-Forest Knolls"
5,Orinda,Contra Costa,City,68.0,77.9,96.2,50.9,69.1,47.6,66.0,2825,5152,89% of 2BR stock,Plenty,18% of 3BR stock,Few,2.6,18.1,Orinda Union,87.4,10,Acalanes Union High,73.2,10,25.2,13.0,384993,19514,3.9,address-based attendance area,not established,Ranked,crimegrade.org; CAASPP 2025 (CDE); orindaschools.org,"enrolment +3.9% 2023-25 (filling); address-based assignment; Rent: standard Zumper city pattern; 3BR came from the same page as the 2BR. Crime: both CrimeGrade pages resolved and named Orinda. District: classic California two-district split - Orinda Union Elementary (K-8, 2,594 students) for elementary, Acalanes Union High (9-12, 5,425 students) for high school. No unified district covers Orinda."
6,Hillsborough,San Mateo,Town,67.7,64.4,99.5,29.3,74.0,84.3,54.4,4400,5500,37% of 2BR stock,Some,13% of 3BR stock,Few,3.7,17.7,Hillsborough City Elementary,89.5,10,Hillsborough City Elementary,81.3,10,23.6,15.3,329823,11387,-7.2,address-based attendance area,"Constrained. Space is capped at the home school across TK-5: ""If there is a lack of classroom space at your home school, your student will be placed on a waiting list for your home school but, in the meantime, will be assigned to another school within the Hillsborough City School District with the available classroom space."" Over-subscribed grades are filled in date order of completed registration, and TK families are not told their school placement until spring.",Ranked,crimegrade.org; CAASPP 2025 (CDE); hcsdk8.org,"enrolment -7.2% 2023-25 (seats opening); address-based assignment; TK constrained; Standard city slug worked for Zumper and both CrimeGrade pages; 2BR and 3BR from the same Zumper page. GreatSchools named only the K-8 Hillsborough City Elementary School District and, while noting 2 high schools exist in the city, did not name the operating high school district — so high_school_district is left null rather than filled from background knowledge. Page confirmed San Mateo County."
7,Danville,Contra Costa,Town,66.4,89.2,89.2,60.5,41.4,73.8,44.2,2872,4200,88% of 2BR stock,Plenty,43% of 3BR stock,Some,2.3,12.7,San Ramon Valley Unified,77.5,10,San Ramon Valley Unified,76.9,10,40.2,21.6,278379,43582,-4.4,address-based attendance area,"Space-conditional rather than open-ended: a priority enrollment window runs November 1–30, after which ""applications will continue to be accepted after November 30 and throughout the year on a first-come, first-served basis, as space allows at your resident school."" No TK-specific lottery or named waitlist on the page.",Ranked,crimegrade.org; CAASPP 2025 (CDE); srvusd.net,"enrolment -4.4% 2023-25 (seats opening); address-based assignment; TK constrained; RENT: standard Zumper city pattern; page explicitly confirmed as Danville, CA — I checked this one deliberately because Danville is a high-collision name (Danville, Virginia; Danville, Illinois; Danville, Kentucky), and the -ca slug resolved correctly. 2BR $2,872 and 3BR $4,200 from the SAME page (1BR $2,395). Page reports rents up 14% month-over-month but down 12% year-over-year, and an all-property-types median of $4,395 — that median is NOT the 3BR figure and was not used. CRIME: violent 2.335 and property 12.74"
8,Sleepy Hollow,Marin,Unincorporated community,66.2,77.5,77.7,61.7,61.9,89.3,29.3,3130,3897,81% of 2BR stock,Plenty,54% of 3BR stock,Some,3.4,12.3,Ross Valley Elementary,77.9,10,Tamalpais Union High,61.5,9,29.0,16.6,162127,2428,-4.1,address-based attendance area,not established,Ranked,crimegrade.org; CAASPP 2025 (CDE); rossvalleyschools.org,"enrolment -4.1% 2023-25 (seats opening); address-based assignment; IN SCOPE THIS PASS: district only — and it resolved. IDENTITY CHECK PASSED: sources are specific to Sleepy Hollow in Marin County adjacent to San Anselmo, not the Contra Costa County namesake flagged in the brief; the Marin County CDA planning page 'San Anselmo - Sleepy Hollow' corroborates the location. Sleepy Hollow is served by Ross Valley School District (elementary, K-8) and Tamalpais Union High School District (9-12) — two separate districts, not a unified one. Rent and crime fields left null because they wer"
9,Tamalpais-Homestead Valley,Marin,Unincorporated community,66.0,85.5,84.0,13.2,75.8,94.8,42.8,4370,8197,38% of 2BR stock,Some,1% of 3BR stock,Almost none,2.5,15.4,Mill Valley Elementary,83.5,10,Tamalpais Union High,61.5,9,22.3,9.6,268717,10377,-8.0,,not established,Ranked,crimegrade.org; CAASPP 2025 (CDE),"enrolment trend only; assignment system and TK position not established; enrolment -8.0% 2023-25 (seats opening); RENT: CDP slug worked on the standard Zumper city pattern; page confirmed as Tamalpais-Homestead Valley, CA. 2BR and 3BR both taken from the SAME page and same publisher (same-publisher rule satisfied). CAVEAT: the page is internally inconsistent — its 30-day breakdown table gives 1BR $3,310 / 2BR $4,370 / 3BR $8,197 while its prose gives 1BR $2,650 / 2BR $4,425 across all property types. I used the table figures for both bedroom counts so the pair stays same-page. The $8,197 3BR is almost certainly a thin-sample o"
10,San Ramon,Contra Costa,City,65.6,87.7,89.2,58.1,38.6,73.8,46.0,3002,4200,85% of 2BR stock,Plenty,43% of 3BR stock,Some,2.4,13.6,San Ramon Valley Unified,77.5,10,San Ramon Valley Unified,76.9,10,41.9,22.7,283548,84605,-4.4,address-based attendance area,"Space-conditional rather than open-ended: a priority enrollment window runs November 1–30, after which ""applications will continue to be accepted after November 30 and throughout the year on a first-come, first-served basis, as space allows at your resident school."" No TK-specific lottery or named waitlist on the page.",Ranked,crimegrade.org; CAASPP 2025 (CDE); srvusd.net,"enrolment -4.4% 2023-25 (seats opening); address-based assignment; TK constrained; Complete row. Zumper primary pattern worked; 2BR ($3,002) and 3BR ($4,200) from the SAME page. Both CrimeGrade pages resolved and self-identified as San Ramon, CA. DISTRICT: single K-12 unified district — San Ramon Valley Unified School District (37 schools, 28,615 students, administered from Danville) — so the same name is correctly recorded in both the elementary and high school fields per the unified-district instruction."
11,Sunnyvale,Santa Clara,City,64.3,88.1,94.6,38.9,32.6,54.5,77.2,4290,4950,40% of 2BR stock,Some,22% of 3BR stock,Few,2.5,12.4,Cupertino Union,81.2,10,Fremont Union High,76.5,10,47.0,35.4,492306,155805,-1.9,address-based attendance area,"Constrained. The 2026-27 Open Enrollment page lists ""Transitional Kindergarten (TK): No sites available"" among attendance-area schools, and states Open Enrollment ""is not a backup plan for students who are overflowed to another attendance area school because their home attendance area school is too full"" — schools do fill and overflow students. Only the alternative school McAuliffe (TK-8) took TK through that pathway.",Ranked,crimegrade.org; CAASPP 2025 (CDE); cusdk8.org,"enrolment -1.9% 2023-25 (flat); address-based assignment; TK constrained; Complete row. RENT: 2BR $4,290 and 3BR $4,950 from the SAME Zumper page (1BR $3,192) — same-publisher rule satisfied. CRIME: violent 2.495, property 12.43 (crimegrade.org/property-crime-sunnyvale-ca/). DISTRICT: the city is served by TWO K-8 elementary districts — Sunnyvale School District (5,764 students, 10 schools) and Cupertino Union School District (13,533 students, 23 schools) — so the elementary field names the same-named district first and records the second, since which one applies depends on the address. "
12,Corte Madera,Marin,Town,64.1,42.5,92.5,44.9,71.6,92.6,40.5,3800,4850,57% of 2BR stock,Some,25% of 3BR stock,Few,4.4,25.6,Larkspur-Corte Madera,78.8,10,Larkspur-Corte Madera,75.9,10,24.2,11.6,241439,10222,-10.9,"address-based attendance area with a lottery overflow — students inside a school's neighborhood attendance parameters (The Cove or Neil Cummins) get priority placement; ""All others will be placed in the lottery,"" and parents may only state a preference","Constrained in the extreme — no TK at all: ""The Larkspur-Corte Madera School District is not offering Transitional Kindergarten (TK) during the 2025-2026 or 2026-2027 school years.""",Ranked,crimegrade.org; CAASPP 2025 (CDE); lcmschools.org,"enrolment -10.9% 2023-25 (seats opening); address-based assignment; TK constrained; Standard Zumper city slug worked; 2BR and 3BR from the same page. Crime from the two matching CrimeGrade pages. GreatSchools listed only Larkspur-Corte Madera School District (TK-8) and named no high school district, so high_school_district is null — not inferred."
13,Saranap,Contra Costa,Unincorporated community,63.5,95.1,81.5,57.5,54.9,40.5,51.6,2900,4500,87% of 2BR stock,Plenty,34% of 3BR stock,Some,1.6,6.8,Walnut Creek Elementary,70.2,10,Acalanes Union High,73.2,10,33.3,18.5,309486,5652,2.0,,not established,Ranked,areavibes.com (modelled from demographics; place not in FBI UCR reporting); CAASPP 2025 (CDE),"enrolment trend only; assignment system and TK position not established; enrolment +2.0% 2023-25 (flat); CRIME RESOLVED via alternate. crimegrade.org/violent-crime-saranap-ca/ 404s. areavibes.com/saranap-ca/crime/ carries both figures on ONE page (same publisher, same page): violent 158 per 100,000 and property 676 per 100,000. I CONVERTED both to per-1,000 by dividing by 100: 158/100,000 -> 1.58 per 1,000; 676/100,000 -> 6.76 per 1,000. Page confirms Contra Costa County. CAVEAT the page states about itself: 'Saranap crime rates are not available from the FBI crime report' - these are areavibes estimates modeled from "
14,San Bruno,San Mateo,City,63.5,36.9,68.5,35.3,84.7,84.8,70.7,4045,5386,48% of 2BR stock,Some,14% of 3BR stock,Few,4.7,26.5,San Bruno Park Elementary,50.8,8,San Mateo Union High,62.0,9,17.5,11.4,417898,43908,-3.3,address-based attendance area,"Not TK-specific, but the district twice states enrollment is space-gated: ""All students in the District are assigned to a school based on their address of residence, however, actual enrollment is based on space availability at the school site,"" and the locator gives only ""a preliminary school assignment."" No TK waitlist, TK lottery, or TK seat cap is stated, so TK capacity itself is not established.",Ranked,crimegrade.org; CAASPP 2025 (CDE); sbpsd.org,"enrolment -3.3% 2023-25 (seats opening); address-based assignment; Zumper primary pattern worked; 2BR and 3BR both off that one page (1BR was $3,253), so same-publisher rule satisfied. Property crime 26.50 from the parallel https://crimegrade.org/property-crime-san-bruno-ca/ - same publisher as violent. COLLISION NOTE: San Mateo COUNTY vs San Mateo CITY - the high school district is genuinely named 'San Mateo Union High School District' and is the countywide-area union HS district serving San Bruno; that is what the page says, not a mis-hit on the city of San Mateo. GreatSchools l"
15,Dublin,Alameda,City,62.8,85.7,87.8,64.1,40.5,53.3,45.6,3110,3732,82% of 2BR stock,Plenty,60% of 3BR stock,Some,2.5,13.7,Dublin Unified,78.5,10,Dublin Unified,75.3,10,40.9,25.8,281218,72589,2.2,address-based attendance area,not established,Ranked,crimegrade.org; CAASPP 2025 (CDE); dublinusd.org,"enrolment +2.2% 2023-25 (flat); address-based assignment; 2BR $3,110 from apartments.com; results also showed $4,172 (rent.com), $3,427+ (apartmentlist.com, July 2026), $3,221 (rentcafe.com, June 2026). 3BR $3,732 from rentcafe.com (1,271 sq ft); zillow.com listings seen ranged $3,950-$4,800/mo and zillow gave a $4,000 median across all house sizes, so $3,732 may sit low for single-family 3BR. No bedroom-specific in-city listing counts appeared in result titles (Zillow showed 33 houses / 373 rentals across all bedroom counts; point2homes cited 3,473 total Dublin rentals w"
16,Lafayette,Contra Costa,City,62.5,57.2,93.9,71.0,59.3,38.1,55.8,3147,3250,80% of 2BR stock,Plenty,77% of 3BR stock,Plenty,3.5,23.0,Lafayette Elementary,84.0,10,Acalanes Union High,73.2,10,30.1,16.3,333110,25391,2.4,,not established,Ranked,crimegrade.org; CAASPP 2025 (CDE),"enrolment trend only; assignment system and TK position not established; enrolment +2.4% 2023-25 (flat); Complete — all three URL patterns worked first try, no collisions to resolve. Zumper: 1BR $2,033, 2BR $3,147, 3BR $3,250, with 2BR and 3BR from the SAME page (the narrow $103 2BR→3BR gap is what the page actually shows; not adjusted). CrimeGrade pair both self-identified as Lafayette, CA: violent 3.506, property 22.99. GreatSchools shows the classic California split-district arrangement — Lafayette Elementary School District (K-8, 3,235 students, 5 schools) for elementary and Acalanes Union High School District (9-"
17,Loyola,Santa Clara,Unincorporated community,62.5,98.0,93.2,24.0,33.0,63.3,63.3,4915,6000,23% of 2BR stock,Few,7% of 3BR stock,Very few,0.9,4.0,Los Altos Elementary,83.4,10,Mountain View-Los Altos Union High,73.0,10,46.8,34.6,371714,3477,-2.7,address-based attendance area,"Constrained — but stated district-wide across grades, not TK-specifically",Ranked,"areavibes.com (modeled estimate, NOT FBI-reported) (modelled from demographics; place not in FBI UCR reporting); CAASPP 2025 (CDE); lasdschools.org","enrolment -2.7% 2023-25 (flat); address-based assignment; TK constrained; IN SCOPE THIS PASS: crime + district. IDENTITY CHECK PASSED: the AreaVibes livability page gives population 3,526 (brief says ~3,477) and names Los Altos as the adjacent city, confirming this is the Santa Clara County Loyola CDP and not a namesake. CRIME: converted from AreaVibes per-100,000 by dividing by 100 — violent 93/100k = 0.93 per 1k, property 396/100k = 3.96 per 1k. IMPORTANT CAVEAT: page states 'Loyola crime rates are not available from the FBI crime report'; figures are demographic estimates, not observe"
18,Fremont,Alameda,City,62.4,77.2,80.3,63.5,37.2,49.0,67.0,3265,3659,77% of 2BR stock,Plenty,62% of 3BR stock,Plenty,3.1,15.8,Fremont Unified,69.7,10,Fremont Unified,72.0,10,43.6,28.0,387912,230504,-0.4,address-based attendance area,"Widely available by site, constrained by placement. TK page states: ""All Elementary within Fremont Unified School District have at least one TK class at each school with the exception of Warm Springs Elementary with Grade 3-5."" However the enrollment page warns ""Students may be placed outside their home school based on availability,"" and ""Elementary schools participate in a kindergarten lottery/wait lists when more kindergarten students are enrolled than available space"" (that lottery/waitlist sentence is written about kindergarten, not TK specifically).",Ranked,crimegrade.org; CAASPP 2025 (CDE); fremontunified.org,"enrolment -0.4% 2023-25 (flat); address-based assignment; TK constrained; CAVEAT ON listings_2br_under4k=37: this is apartments.com's 'Cheap 2 Bedroom Apartments for Rent in Fremont CA - 37 Rentals' page title. Apartments.com's 'cheap' filter is a market-relative threshold, NOT an explicit under-$4,000 filter, so 37 is a lower bound on sub-$4k supply and almost certainly understates it (median 2BR is $3,265, so most 2BR stock is under $4k). Treat as directional only. 2BR $3,265 from apartments.com; results also showed $3,535, $3,626+ (apartmentlist.com) and a $1,343-$7,301 range across 1"
19,Alameda,Alameda,City,62.3,53.2,72.3,65.3,73.3,29.5,80.5,2980,3760,85% of 2BR stock,Plenty,59% of 3BR stock,Some,3.2,49.1,Alameda Unified,67.2,9,Alameda Unified,61.7,9,23.7,8.6,536672,78280,3.3,address-based attendance area,"CONSTRAINED — TK offered at only 5 elementary sites for 2026-27 (Bay Farm, Earhart, Love, Paden, Ruby Bridges); ""Since TK is not offered at every school site, these programs are not zoned"" and ""we cannot guarantee that your child's TK year will be in their home school""; placement is ""given space availability""",Ranked,"homesnacks.com (violent rate, 2025 report); areavibes.com (property rate); crimegrade.org (geographic variation, MV theft) (modelled from demographics; place not in FBI UCR reporting); CAASPP 2025 (CDE); alamedaunified.org","enrolment +3.3% 2023-25 (filling); address-based assignment; TK constrained; Only non-SF place in this batch and the best-documented row. School district: Alameda Unified (AUSD) is a UNIFIED K-12 district covering the whole city - ~9,300 students, 10 elementary, 2 middle, 4 high schools - so there is no separate union high school district (en.wikipedia.org, alamedaunified.org, cde.ca.gov CDS 01611190000000). BOTH crime figures are CONVERTED from per-100,000: violent 317.0/100k = 3.17 per 1,000; property 4,914/100k = 49.1 per 1,000. Property crime is contested across sources: AreaVibes 49.1 "
20,Castro Valley,Alameda,Unincorporated community,62.2,59.5,71.8,80.2,57.7,30.5,73.5,2513,3500,95% of 2BR stock,Plenty,68% of 3BR stock,Plenty,4.0,18.2,Castro Valley Unified,67.5,9,Castro Valley Unified,59.7,9,31.4,18.2,438425,66441,4.0,,not established,Ranked,crimegrade.org; CAASPP 2025 (CDE),"enrolment trend only; assignment system and TK position not established; enrolment +4.0% 2023-25 (filling); Cleanest place in the batch - all four lookups hit on the documented patterns first try. Zumper 2BR and 3BR from one page (1BR $2,095), same-publisher rule satisfied. Property crime 18.17 from https://crimegrade.org/property-crime-castro-valley-ca/, same publisher. Castro Valley is an unincorporated CDP but GreatSchools describes it as 'a city in Alameda county' and lists a single K-12 unified district (Castro Valley Unified, 17 schools, 9,570 students), so the same name goes in both elementary and high school fiel"
21,Daly City,San Mateo,City,62.1,60.1,35.9,41.9,88.4,67.4,79.1,3750,5300,59% of 2BR stock,Some,16% of 3BR stock,Few,3.9,18.6,Jefferson Elementary,47.1,7,Jefferson Union High,45.1,7,15.5,8.5,527091,104901,-1.6,,not established,Ranked,crimegrade.org; CAASPP 2025 (CDE),"enrolment trend only; assignment system and TK position not established; enrolment -1.6% 2023-25 (flat); Rent: standard Zumper city pattern; 2BR and 3BR from the same page. Note the page also cites a $2,350 citywide median across all unit types - I used the bedroom-specific table, not that blended figure. Crime: both CrimeGrade pages resolved and named Daly City. District: NAME-COLLISION RESOLVED - California has multiple 'Jefferson' districts; the ones returned here are the San Mateo County Jefferson Elementary (6,088 students) and Jefferson Union High (4,173 students) that serve Daly City, per the Daly City GreatSch"
22,Pleasanton,Alameda,City,62.0,73.9,87.3,56.9,34.2,80.0,40.0,3291,4198,76% of 2BR stock,Plenty,43% of 3BR stock,Some,2.7,18.8,Pleasanton Unified,75.1,10,Pleasanton Unified,76.7,10,45.9,29.8,239923,79871,-5.3,address-based attendance area,CONSTRAINED — site-level TK/K lotteries are held when enrollment exceeds available space; overflowed students are placed at another PUSD school and kept on a waitlist,Ranked,crimegrade.org; CAASPP 2025 (CDE); pleasantonusd.net,"enrolment -5.3% 2023-25 (seats opening); address-based assignment; TK constrained; All three standard patterns worked first try. Rent: 2BR and 3BR from the same Zumper page (1BR $2,630 also shown). Crime: both crimegrade pages self-identified as Pleasanton, CA; violent rate printed as 2.730 and property as 18.80. District: GreatSchools named a single district, Pleasanton Unified School District, 'Grades K-12 & Ungraded', 18 schools, 13,338 students — unified K-12, so the same name is entered in both fields per instructions."
23,Ross,Marin,Town,61.8,30.4,100.0,45.5,66.0,95.7,33.0,3200,5445,79% of 2BR stock,Plenty,14% of 3BR stock,Few,5.6,22.2,Ross Elementary,90.7,10,Ross Elementary,88.3,10,27.0,14.5,197162,2338,-5.4,"address-based attendance area — single-school district, so residence inside district boundaries is the whole test",not established,Ranked,crimegrade.org; CAASPP 2025 (CDE); rossbears.org,"enrolment -5.4% 2023-25 (seats opening); address-based assignment; Zumper page explicitly confirmed 'Ross, California (Marin County)' - collision check passed. 2BR and 3BR both from that one page (1BR $2,495), same-publisher rule satisfied. Property crime 22.25 from https://crimegrade.org/property-crime-ross-ca/, same publisher as violent. HIGH SCHOOL DISTRICT NULL and this is a real gap, not an oversight: the GreatSchools Ross page names only Ross Elementary School District (K-8, 1 school, 340 students) and never identifies a high school district. The only high school it shows in"
24,San Anselmo,Marin,Town,61.5,47.5,77.7,58.7,64.7,89.3,31.2,3595,3595,65% of 2BR stock,Plenty,65% of 3BR stock,Plenty,4.6,19.7,Ross Valley Elementary,77.9,10,Tamalpais Union High,61.5,9,27.8,15.4,183176,12830,-4.1,address-based attendance area,not established,Ranked,crimegrade.org; CAASPP 2025 (CDE); rossvalleyschools.org,"enrolment -4.1% 2023-25 (seats opening); address-based assignment; Rent: standard Zumper city pattern. 2BR and 3BR from the same page and same table. FLAG: 3BR equals 2BR exactly ($3,595 both). I suspected an extraction artifact and re-fetched with a prompt specifically asking whether the 3BR row was blank or duplicated — it is a distinct published row with its own trend data (up 77% in 30 days, down 51% YoY), so the identical value is what Zumper actually publishes, likely a thin-sample coincidence. Reported as seen; do not read the flat 2BR-to-3BR step as a real bedroom premium."
25,Brisbane,San Mateo,City,61.3,23.5,70.9,41.3,90.7,61.4,80.0,4113,4990,46% of 2BR stock,Some,21% of 3BR stock,Few,5.6,29.4,Brisbane Elementary,62.7,9,Brisbane Elementary,60.6,9,13.2,7.9,536262,4851,-1.0,,not established,Ranked,crimegrade.org; CAASPP 2025 (CDE),"enrolment trend only; assignment system and TK position not established; enrolment -1.0% 2023-25 (flat); Zumper slug pattern worked (brisbane-ca); 2BR and 3BR both from that one page, same publisher. Page confirmed Brisbane, California. CrimeGrade violent + property pages both resolved to Brisbane, CA. GreatSchools /california/brisbane/ listed ONLY Brisbane Elementary School District (K-8, 484 students, 3 schools) and named no high school district; a follow-up fetch of the filtered high-school listing returned no school or district names, so high_school_district is left null rather than guessed. Did not substitute any"
26,Kensington,Contra Costa,Unincorporated community,61.3,94.4,10.8,62.9,68.4,59.0,72.1,2795,4159,90% of 2BR stock,Plenty,44% of 3BR stock,Some,1.1,12.4,West Contra Costa Unified,29.8,3,West Contra Costa Unified,29.5,3,25.8,9.9,436673,5077,-2.2,address-based attendance area,"Constrained — a TK seat somewhere is guaranteed, but not at the resident school",Ranked,areavibes.com (modelled from demographics; place not in FBI UCR reporting); CAASPP 2025 (CDE); wccusd.net,"enrolment -2.2% 2023-25 (flat); address-based assignment; TK constrained; PASS-2 TARGET WAS CRIME ONLY; resolved. CRIME CONVERTED: areavibes reports 2024 figures per 100,000 — violent 111/100k and property 1,241/100k — divided by 100 to give 1.11 and 12.41 per 1,000. Both off the same page, same publisher. NAMESAKE CHECK PASSED: the page header confirms Kensington, Contra Costa County, California — this is the Contra Costa CDP, not an out-of-state Kensington. Corroborating detail on the same page: '1 in 900 chance of violent crime; 1 in 81 chance of property crime', consistent with the p"
27,Contra Costa Centre,Contra Costa,Unincorporated community,61.1,95.1,81.5,52.1,47.4,40.5,50.2,3580,4274,65% of 2BR stock,Plenty,41% of 3BR stock,Some,1.6,6.8,Walnut Creek Elementary,70.2,10,Acalanes Union High,73.2,10,36.4,20.6,302482,6097,2.0,,not established,Ranked,areavibes.com (modelled from demographics; place not in FBI UCR reporting); CAASPP 2025 (CDE),"enrolment trend only; assignment system and TK position not established; enrolment +2.0% 2023-25 (flat); CRIME — READ THIS BEFORE USING THE NUMBERS. crimegrade.org/violent-crime-contra-costa-centre-ca/ returned HTTP 404. areavibes.com/contra+costa+centre-ca/crime/ resolved and is confirmed to be Contra Costa Centre, Contra Costa County, CA. It reported violent crime 158 per 100,000 and property crime 676 per 100,000 (2024). I CONVERTED both to per 1,000 by dividing by 100: 158/100,000 -> 1.58 per 1,000; 676/100,000 -> 6.76 per 1,000. Both figures come from the same publisher and the same page. IMPORTANT CAVEAT: that s"
28,San Mateo,San Mateo,City,61.0,60.3,66.9,36.5,73.3,70.0,59.1,3854,5500,55% of 2BR stock,Some,13% of 3BR stock,Few,4.0,18.2,San Mateo-Foster City,49.9,7,San Mateo Union High,62.0,9,23.7,16.5,350380,105661,-3.2,address-based attendance area,Constrained — TK at only 15 named schools (3 of them transfer-only); overflow placement to another school when the TK class is full,Ranked,crimegrade.org; CAASPP 2025 (CDE); smfcsd.net,"enrolment -3.2% 2023-25 (seats opening); address-based assignment; TK constrained; COLLISION RESOLVED — city vs county. San Mateo is both a city and a county, so I explicitly verified scope on every page. Zumper page confirmed as the CITY. Both CrimeGrade pages state 'The grade covers only San Mateo's official city boundaries', confirming city not county. GreatSchools page confirmed as the city in San Mateo County. Rent 2BR and 3BR both from the same Zumper page. Crime from the matched CrimeGrade violent+property pair (property URL: https://crimegrade.org/property-crime-san-mateo-ca/). Districts "
29,San Lorenzo,Alameda,Unincorporated community,60.7,59.7,4.2,76.6,60.5,89.3,74.0,2567,3600,94% of 2BR stock,Plenty,65% of 3BR stock,Plenty,4.1,17.9,San Lorenzo Unified,27.0,2,San Lorenzo Unified,26.6,3,29.6,16.7,439043,29581,-8.1,"address-based attendance area (elementary and middle; high school placement is by Small Learning Community preference, not address)","Widely available. District states it ""is welcoming new students in its transitional kindergarten (TK) and kindergarten programs for the 2026-27 school year,"" describes TK as part of a statewide initiative ""available to all,"" and notes ""Families do not need to live in the San Lorenzo Unified School District to attend our schools."" Enrollment is open with ""Central Enrollment ... open through summer."" No waitlist, TK lottery, or limited-seat language appears on the enrollment or TK pages.",Ranked,crimegrade.org; CAASPP 2025 (CDE); slzusd.org,"enrolment -8.1% 2023-25 (seats opening); address-based assignment; TK constrained; All three data types came from the standard patterns. Rent: 2BR and 3BR from the same Zumper page (1BR $2,005 also shown). Crime: both crimegrade pages self-identified as San Lorenzo, CA. District: GreatSchools page described San Lorenzo as 'a city in Alameda county, California' — correct county, so no collision with San Lorenzo Valley in Santa Cruz County — and named San Lorenzo Unified School District serving K-12 across 20 schools. Single unified district covering K-12, so the same name is entered in both distri"
30,Mill Valley,Marin,City,60.7,48.8,84.0,26.3,72.1,94.8,38.1,4240,6320,42% of 2BR stock,Some,5% of 3BR stock,Very few,4.2,23.3,Mill Valley Elementary,83.5,10,Tamalpais Union High,61.5,9,23.9,11.2,235565,14231,-8.0,,not established,Ranked,crimegrade.org; CAASPP 2025 (CDE),"enrolment trend only; assignment system and TK position not established; enrolment -8.0% 2023-25 (seats opening); All three sources hit on the standard city slug. 2BR and 3BR from the same Zumper page. I also fetched RentCafe for Mill Valley as a cross-check and it returned 'n/a' (no bedroom breakdown), so the Zumper figures stand unconfirmed by a second publisher — but no mixing occurred. District is the split elementary/union-high pattern: Mill Valley Elementary (K-8) plus Tamalpais Union High (9-12); Tamalpais UHSD is headquartered in Larkspur but is the serving high school district per the page."
31,Highlands-Baywood Park,San Mateo,Unincorporated community,60.7,86.1,66.9,30.2,64.2,70.0,46.5,4295,5500,40% of 2BR stock,Some,13% of 3BR stock,Few,2.7,11.5,San Mateo-Foster City,49.9,7,San Mateo Union High,62.0,9,27.9,18.9,283750,4376,-3.2,address-based attendance area,Constrained — TK at only 15 named schools (3 of them transfer-only); overflow placement to another school when the TK class is full,Ranked,crimegrade.org; CAASPP 2025 (CDE); smfcsd.net,"enrolment -3.2% 2023-25 (seats opening); address-based assignment; TK constrained; DISTRICT — evidence differs in strength between the two fields, please read. ELEMENTARY (solid): greatschools.org/california/san-mateo/6966-Highlands-Elementary-School/ shows Highlands Elementary School, 2320 Newport Street, San Mateo, CA 94402 — the neighbourhood's namesake school, sitting in the Highlands — as belonging to the San Mateo-Foster City School District. HIGH SCHOOL (inferred, weaker): no page I fetched named the CDP ""Highlands-Baywood Park"" alongside a high school district. greatschools.org/california"
32,Los Altos,Santa Clara,City,60.1,76.0,93.2,22.8,37.7,63.3,67.9,4117,6995,46% of 2BR stock,Some,2% of 3BR stock,Very few,2.7,18.6,Los Altos Elementary,83.4,10,Mountain View-Los Altos Union High,73.0,10,43.1,32.2,388575,31625,-2.7,address-based attendance area,"Constrained — but stated district-wide across grades, not TK-specifically",Ranked,crimegrade.org; CAASPP 2025 (CDE); lasdschools.org,"enrolment -2.7% 2023-25 (flat); address-based assignment; TK constrained; COLLISION CHECKED: Los Altos vs Los Altos Hills are separate places; I explicitly asked each page which one it covered and both Zumper and CrimeGrade confirmed Los Altos (the city), not Los Altos Hills. GreatSchools confirmed 'Los Altos is a city in Santa Clara county'. 2BR and 3BR from the same Zumper page. Districts: Los Altos Elementary SD (K-8) + Mountain View-Los Altos Union HSD (9-12); page also noted Cupertino Union SD serves portions of Los Altos, not used as the primary."
33,Emerald Lake Hills,San Mateo,Unincorporated community,60.1,96.4,62.4,34.7,53.7,65.0,48.4,4060,5500,48% of 2BR stock,Some,13% of 3BR stock,Few,1.3,5.4,Redwood City Elementary,45.4,7,Sequoia Union High,57.2,9,33.8,23.8,294482,4528,-2.8,"address-based attendance area (with an optional ""School of Choice"" lottery layered on top for specialized/immersion programs only)","Constrained. Enrollment page (which explicitly covers ""new 2026-27 students entering TK and K-8 grades""): ""If space is not available at the neighborhood school at the time the family is enrolling during the spring and summer, students are placed at a different school until space becomes available at their neighborhood school. Students are enrolled in the order in which they submit their application."" School of Choice page adds: ""If a student moves into the area after the open enrollment period and their neighborhood school is full, they will be placed at a school that has openings,"" and ""seats are limited and families transferring from another neighborhood school may be placed on a waitlist.""",Ranked,"areavibes.com (modeled estimate, NOT FBI-reported) (modelled from demographics; place not in FBI UCR reporting); CAASPP 2025 (CDE); rcsdk8.net","enrolment -2.8% 2023-25 (flat); address-based assignment; TK constrained; IN SCOPE THIS PASS: crime + district. CRIME: converted from AreaVibes per-100,000 (2024) by dividing by 100 — violent 126/100k = 1.26 per 1k, property 540/100k = 5.40 per 1k. IMPORTANT CAVEAT: page states verbatim 'Emerald Lake Hills crime rates are not available from the FBI crime report'; figures are estimates derived from home prices, income, poverty and population density, not observed reported crime. CrimeGrade 404'd on both the violent and property slugs. DISTRICT: residents are zoned to primary schools in Re"
34,Twin Peaks,San Francisco,SF neighbourhood,59.9,70.2,50.2,46.7,87.9,9.0,95.3,3043,5183,84% of 2BR stock,Plenty,18% of 3BR stock,Few,1.8,26.7,San Francisco Unified,50.1,7,San Francisco Unified,49.1,8,15.6,4.3,720154,7000,0.3,choice lottery,CONSTRAINED — oversubscribed schools allocate limited TK openings by tiebreakers plus random numbers; families join waitlists after assignment,Ranked,"DataSF SFPD incident reports 2025-07..2026-07, calibrated to the CrimeGrade scale; CAASPP 2025 (CDE); sfusd.edu","enrolment +0.3% 2023-25 (flat); choice/lottery assignment; TK constrained; violent_crime_per_1k CONVERTED: AreaVibes reports a 1-in-254 annual chance of violent victimization in Twin Peaks = 3.94 per 1,000. property_crime_per_1k is CrimeGrade's stated 34.68 per 1,000 (unconverted). Note the two sources are not methodologically identical; CrimeGrade's high total (52.42/1,000) is driven by property crime, mostly car break-ins on the tourist-heavy summit road, not by violence against residents. Supply is genuinely thin: Twin Peaks proper is mostly single-family homes, and apartments.com show"
35,Cupertino,Santa Clara,City,59.9,74.2,94.6,32.3,28.8,54.5,74.9,4095,5595,47% of 2BR stock,Some,12% of 3BR stock,Few,2.1,21.2,Cupertino Union,81.2,10,Fremont Union High,76.5,10,50.0,38.2,445968,60381,-1.9,address-based attendance area,"Constrained. The 2026-27 Open Enrollment page lists ""Transitional Kindergarten (TK): No sites available"" among attendance-area schools, and states Open Enrollment ""is not a backup plan for students who are overflowed to another attendance area school because their home attendance area school is too full"" — schools do fill and overflow students. Only the alternative school McAuliffe (TK-8) took TK through that pathway.",Ranked,crimegrade.org; CAASPP 2025 (CDE); cusdk8.org,"enrolment -1.9% 2023-25 (flat); address-based assignment; TK constrained; All three data types found via standard patterns; 2BR and 3BR from the same Zumper page. Minor observation for the reader: Zumper reported an identical 1BR figure ($3,363) for both Cupertino and Los Altos, which hints the 1BR series may be metro-smoothed — the 2BR and 3BR values I actually report differ between the two cities, so this does not affect the reported fields. Districts confirmed on a page that self-identified as 'Cupertino is a city in Santa Clara county'."
36,Newark,Alameda,City,59.8,67.1,31.9,66.5,38.1,87.6,67.4,2834,3827,89% of 2BR stock,Plenty,56% of 3BR stock,Some,3.2,20.3,Newark Unified,46.0,7,Newark Unified,42.1,7,42.0,26.7,388347,47529,-7.9,address-based attendance area,"CONSTRAINED for home-school placement — ""The location of the Transitional Kindergarten class may not be at a student's home school""; no waitlist, lottery, or seat-count language found, and the district's TK site list was not published on the page",Ranked,crimegrade.org; CAASPP 2025 (CDE); newarkunified.org,"enrolment -7.9% 2023-25 (seats opening); address-based assignment; TK constrained; Batch listed Newark as needing crime only, so rent and district were not re-fetched — those nulls mean 'not collected by me' rather than 'unavailable'. Collision check on the big one: 'Newark' most commonly resolves to Newark, New Jersey. I explicitly asked both CrimeGrade pages to confirm the state, and both self-identified as Newark, California (Alameda County) — the NJ page was not used."
37,Lone Mountain/USF,San Francisco,SF neighbourhood,59.8,55.3,50.2,59.3,91.6,9.0,93.0,2834,4303,89% of 2BR stock,Plenty,40% of 3BR stock,Some,3.2,31.7,San Francisco Unified,50.1,7,San Francisco Unified,49.1,8,13.0,3.4,698786,24000,0.3,choice lottery,CONSTRAINED — oversubscribed schools allocate limited TK openings by tiebreakers plus random numbers; families join waitlists after assignment,Ranked,"DataSF SFPD incident reports 2025-07..2026-07, calibrated to the CrimeGrade scale; CAASPP 2025 (CDE); sfusd.edu","enrolment +0.3% 2023-25 (flat); choice/lottery assignment; TK constrained; Crime NOT FOUND. Three CrimeGrade slug variants all returned HTTP 404: /violent-crime-lone-mountain-san-francisco-ca/, /violent-crime-lone-mountain-usf-san-francisco-ca/, /violent-crime-lone-mountain-ca/. Per instructions I did NOT substitute the citywide San Francisco figure, so crime is null. Districts intentionally skipped (SF neighbourhood = San Francisco Unified). Rent not attempted — batch brief listed this place as needing crime only."
38,Fairfax,Marin,Town,59.5,39.4,85.0,55.1,61.4,89.3,27.0,2995,4725,85% of 2BR stock,Plenty,28% of 3BR stock,Few,4.8,21.2,Ross Valley Elementary,77.9,10,Ross Valley Elementary,69.8,10,29.3,17.0,147649,7605,-4.1,address-based attendance area,not established,Ranked,crimegrade.org; CAASPP 2025 (CDE); rossvalleyschools.org,"enrolment -4.1% 2023-25 (seats opening); address-based assignment; Zumper city pattern worked; 2BR ($2,995) and 3BR ($4,725) both from the SAME page (1BR $2,550). The same page's prose quoted $2,250/$3,000 for 1BR/2BR; I used the detailed breakdown table consistently. COLLISION RISK RESOLVED: 'Fairfax' also exists in Virginia and as Fairfax Elementary School District in Bakersfield CA; all three fetched pages (Zumper, both CrimeGrade, GreatSchools) confirmed Fairfax, CA. CrimeGrade property figure from https://crimegrade.org/property-crime-fairfax-ca/. DISTRICT PARTIAL: GreatSchoo"
39,Foster City,San Mateo,City,59.5,70.8,60.6,28.7,69.1,70.0,57.7,4603,5750,31% of 2BR stock,Some,10% of 3BR stock,Very few,2.8,20.2,San Mateo-Foster City,49.9,7,San Mateo-Foster City,52.2,8,25.2,17.7,342535,33805,-3.2,address-based attendance area,Constrained — TK at only 15 named schools (3 of them transfer-only); overflow placement to another school when the TK class is full,Ranked,crimegrade.org; CAASPP 2025 (CDE); smfcsd.net,"enrolment -3.2% 2023-25 (seats opening); address-based assignment; TK constrained; Rent: Zumper city pattern worked, page self-identified as 'Foster City, California'; 2BR and 3BR from the same page. Crime: both crimegrade pages worked and self-identified as Foster City. District: greatschools.org/california/foster-city/ named exactly ONE district — San Mateo-Foster City School District, 'Grades PK, K-8' — an elementary district. I re-fetched the page asking specifically for every district and any 9-12 district; it confirmed no high school district is named. I also tried /foster-city/schools/ whi"
40,Fairview,Alameda,Unincorporated community,59.4,73.6,3.1,74.3,50.9,85.5,68.8,2750,3505,91% of 2BR stock,Plenty,68% of 3BR stock,Plenty,3.4,15.1,Hayward Unified,25.5,2,Hayward Unified,28.0,3,35.2,21.3,396863,10003,-3.5,address-based attendance area,not established,Ranked,crimegrade.org; CAASPP 2025 (CDE); husd.us,"enrolment -3.5% 2023-25 (seats opening); address-based assignment; TARGET FIELD (district) RESOLVED. Hayward Unified is a K-12 unified district, so the same name is correct for both elementary and high school. Right-place check passed on crime: the crimegrade property-crime page lists neighbours Castro Valley, Hayward, Cherryland, Ashland, San Lorenzo, Union City, San Leandro, Sunol - all Alameda County, so this is not an out-of-area Fairview namesake. Both crime figures are already per-1,000 as published, no conversion applied, and both come from the same publisher."
41,Los Altos Hills,Santa Clara,Town,59.3,81.7,99.1,16.8,36.5,63.3,58.1,5440,6800,14% of 2BR stock,Few,3% of 3BR stock,Very few,2.8,13.7,Los Altos Elementary,83.4,10,Los Altos Elementary,87.2,10,43.7,32.0,344192,8489,-2.7,address-based attendance area,"Constrained — but stated district-wide across grades, not TK-specifically",Ranked,crimegrade.org; CAASPP 2025 (CDE); lasdschools.org,"enrolment -2.7% 2023-25 (flat); address-based assignment; TK constrained; Collision risk handled explicitly: Los Altos Hills vs the separate city of Los Altos. Every page was checked and confirmed to say 'Los Altos Hills' — the Zumper page, both CrimeGrade pages, and the GreatSchools page header. Rent 2BR and 3BR both from the one Zumper page. District: GreatSchools named only Los Altos Elementary School District (K-8, 10 schools, headquartered in LOS ALTOS — reported as the page shows it, since for a town like this the serving district commonly carries the neighbouring city's name). The"
42,Hayward,Alameda,City,59.0,54.2,3.1,82.6,55.8,85.5,72.6,2500,3355,95% of 2BR stock,Plenty,74% of 3BR stock,Plenty,4.3,19.1,Hayward Unified,25.5,2,Hayward Unified,28.0,3,32.7,19.2,436839,162954,-3.5,address-based attendance area,not established,Ranked,crimegrade.org; CAASPP 2025 (CDE); husd.us,"enrolment -3.5% 2023-25 (seats opening); address-based assignment; Complete row. Zumper primary pattern worked; 2BR ($2,500) and 3BR ($3,355) from the SAME page. Both CrimeGrade pages resolved and self-identified as Hayward, CA. DISTRICT NUANCE: the GreatSchools page (which confirms Hayward is a city in Alameda County) lists THREE K-12 unified districts touching the city — Hayward Unified (34 schools, 19,954 students), San Lorenzo Unified (20 schools), and New Haven Unified (14 schools). Hayward Unified is by far the largest and is the city's own namesake district, so I recorded i"
43,Piedmont,Alameda,City,58.8,32.9,98.6,50.3,71.2,20.5,79.5,2847,5148,89% of 2BR stock,Plenty,18% of 3BR stock,Few,5.3,21.6,Piedmont City Unified,83.5,10,Piedmont City Unified,83.4,10,24.5,9.1,529815,11270,7.2,address-based attendance area — home-school placement is space-conditional,"Mixed: a TK seat in the district is guaranteed for eligible residents, but the specific site is not — ""We make every effort to enroll students at their school of residence, however if classes at one site are full, students will be redirected to one of the other school sites."" So: program access open, site placement constrained. No lottery or waitlist.",Ranked,crimegrade.org; CAASPP 2025 (CDE); piedmont.k12.ca.us,"enrolment +7.2% 2023-25 (filling); address-based assignment; TK constrained; Standard city slug worked for all three sources. 2BR and 3BR both from the same Zumper Piedmont page (same-publisher rule satisfied). Property crime from the property-crime-piedmont-ca equivalent of crime_url. GreatSchools confirmed the page was Piedmont, Alameda County and showed a single K-12 unified district, so the same name fills both district fields. Note: no Oakland figure was used anywhere for this row despite Piedmont being enclaved by Oakland — the $2,847 2BR reads low for Piedmont but it is what the Pied"
44,Menlo Park,San Mateo,City,58.7,57.6,75.8,22.2,49.3,86.4,60.9,4978,6215,22% of 2BR stock,Few,6% of 3BR stock,Very few,4.3,17.9,Menlo Park City Elementary,80.8,10,Sequoia Union High,57.2,9,35.9,26.4,357879,33780,-1.6,address-based attendance area,"WIDELY AVAILABLE district-wide, but specific school not guaranteed — asked whether there is space, the district answers ""Yes, for all students who are age eligible"", while also stating ""The district does not offer guaranteed placement in a specific school for TK"" and no priority registration for TK",Ranked,crimegrade.org; CAASPP 2025 (CDE); district.mpcsd.org,"enrolment -1.6% 2023-25 (flat); address-based assignment; TK widely available; Zumper 2BR and 3BR from the same page (1BR $3,300), same-publisher rule satisfied. Zumper flagged rents up 29% year-over-year here, so these are hot-market figures. Property crime 17.90 from https://crimegrade.org/property-crime-menlo-park-ca/, same publisher. GreatSchools (confirmed San Mateo County) lists FOUR K-8 elementary districts serving Menlo Park - Menlo Park City, Ravenswood City, Las Lomitas, and Redwood City - and exactly one 9-12 district, Sequoia Union High. I reported the namesake elementary district"
45,Ashland,Alameda,Unincorporated community,58.7,44.6,4.2,79.6,60.0,89.3,74.4,2425,3595,96% of 2BR stock,Plenty,65% of 3BR stock,Plenty,4.9,18.1,San Lorenzo Unified,27.0,2,San Lorenzo Unified,26.6,3,29.7,16.8,445344,23192,-8.1,"address-based attendance area (elementary and middle; high school placement is by Small Learning Community preference, not address)","Widely available. District states it ""is welcoming new students in its transitional kindergarten (TK) and kindergarten programs for the 2026-27 school year,"" describes TK as part of a statewide initiative ""available to all,"" and notes ""Families do not need to live in the San Lorenzo Unified School District to attend our schools."" Enrollment is open with ""Central Enrollment ... open through summer."" No waitlist, TK lottery, or limited-seat language appears on the enrollment or TK pages.",Ranked,crimegrade.org; CAASPP 2025 (CDE); slzusd.org,"enrolment -8.1% 2023-25 (seats opening); address-based assignment; TK constrained; DISTRICT RESOLVED. https://en.wikipedia.org/wiki/Ashland,_California, Government section, verbatim: 'Ashland is served by the San Lorenzo Unified School District for public school services.' Single K-12 unified district, so the same name goes in both fields. County confirmed on page as Alameda County (correct Ashland - there are Ashlands in OR and elsewhere). Note the underscore-comma slug 'Ashland,_California' works; 'Ashland,_Alameda_County,_California' 404s."
46,Campbell,Santa Clara,City,58.4,52.3,64.3,49.7,21.4,87.1,75.8,3400,4650,72% of 2BR stock,Plenty,30% of 3BR stock,Few,3.5,28.4,Campbell Union,49.9,7,Campbell Union High,56.9,9,55.0,42.7,456852,42726,-3.8,"address-based attendance area — ""Your elementary or middle school is determined by your child's home address""; district provides an online School Locator (search by address)",not established,Ranked,crimegrade.org; CAASPP 2025 (CDE); campbellusd.org,"enrolment -3.8% 2023-25 (seats opening); address-based assignment; Complete row. Zumper primary pattern worked; 2BR ($3,400) and 3BR ($4,650) from the SAME page. Both CrimeGrade pages resolved and self-identified as Campbell, California (violent 3.525 breaks down as assault 2.036 + robbery 0.9521 + rape 0.5229 + murder 0.0133). DISTRICT: this is the classic California two-district split — elementary = Campbell Union School District (K-8, 12 schools), high school = Campbell Union HIGH School District (9-12, 7 schools). The two names differ only by the word 'High'; recorded separate"
47,Albany,Alameda,City,58.3,25.8,82.6,68.3,75.3,21.2,76.7,2450,4122,96% of 2BR stock,Plenty,46% of 3BR stock,Some,5.4,29.1,Albany City Unified,69.8,10,Albany City Unified,73.8,10,23.1,8.2,486958,20271,9.2,,not established,Ranked,crimegrade.org; CAASPP 2025 (CDE),"enrolment trend only; assignment system and TK position not established; enrolment +9.2% 2023-25 (filling); Zumper primary pattern worked; 2BR and 3BR from the same page (1BR $2,250), same-publisher rule satisfied. Note the 2BR->3BR jump is large (68%) - Zumper flagged Albany rents down 16% month-over-month, so the 2BR figure may be moving; both still came off one page so I report as-is rather than smoothing. Property crime 29.11 from https://crimegrade.org/property-crime-albany-ca/, same publisher. District not in scope for this run (batch listed 'still needs: rent, crime'), so I fetched no GreatSchools page and left bo"
48,Oceanview/Merced/Ingleside,San Francisco,SF neighbourhood,58.3,81.4,50.2,46.1,77.2,9.0,85.6,3500,,68% of 2BR stock,Plenty,,,3.0,13.5,San Francisco Unified,50.1,7,San Francisco Unified,49.1,8,21.8,6.4,642008,28800,0.3,choice lottery,CONSTRAINED — oversubscribed schools allocate limited TK openings by tiebreakers plus random numbers; families join waitlists after assignment,Ranked,"DataSF SFPD incident reports 2025-07..2026-07, calibrated to the CrimeGrade scale; CAASPP 2025 (CDE); sfusd.edu; one bedroom count measured; the other converted at the 1.37x premium for comparability","enrolment +0.3% 2023-25 (flat); choice/lottery assignment; TK constrained; PASS-2 TARGET WAS RENT ONLY. 2BR $3,500 is labeled by rentable.co as 'The average rent for a two-bedroom apartment near Oceanview is around $3,500 per month' (average, not median; note the publisher's own 'near' hedge). Same-publisher rule respected: 3BR left null rather than mixed from another source. Rejected alternates fetched this task: zumper.com/rent-research/san-francisco-ca/oceanview and .../ingleside both fall through to a generic national page with no SF neighborhood bedroom split; rentcafe.com/average-re"
49,South San Francisco,San Mateo,City,57.5,33.3,34.3,40.1,88.8,71.9,76.3,3931,5244,52% of 2BR stock,Some,17% of 3BR stock,Few,4.8,26.8,South San Francisco Unified,48.7,7,South San Francisco Unified,41.6,6,15.4,9.8,475168,66105,-3.7,address-based attendance area,"CONSTRAINED — TK runs a lottery with a waitlist. Applications by the February 28 deadline ""are entered into the March lottery""; later ones are ""processed in the order received and assigned based on space availability""; and ""Students will either be assigned a school or placed on a waitlist based on the lottery results."" Students are placed at their ""school of residence whenever possible,"" ""Transfers are not available for TK,"" and ""All TK placements are temporary; children will return to their home school for Kindergarten."" Mitigating: ""TK classrooms are located at all elementary schools.""",Ranked,crimegrade.org; CAASPP 2025 (CDE); ssfusd.org,"enrolment -3.7% 2023-25 (seats opening); address-based assignment; TK constrained; Complete. Zumper city pattern worked; 2BR ($3,931) and 3BR ($5,244) both from the SAME Zumper page (1BR was $2,400). Both CrimeGrade pages resolved and named South San Francisco explicitly; property figure from https://crimegrade.org/property-crime-south-san-francisco-ca/. Collision check: page is South San Francisco (San Mateo County), not the city of San Francisco. GreatSchools lists a single K-12 unified district serving the city, so the same name is used for both elementary and high school."
50,San Leandro,Alameda,City,56.7,41.1,16.0,77.8,67.4,65.0,73.0,2595,3500,94% of 2BR stock,Plenty,68% of 3BR stock,Plenty,4.8,20.6,San Leandro Unified,37.7,5,San Leandro Unified,29.9,4,26.0,13.9,437385,91008,1.2,"address-based attendance area — the district's own enrollment portal runs a ""Find my neighborhood school"" tool: ""Type in your address and select a grade to look up your neighborhood school and see the boundary or zone for your location"" (grade bands include Elementary TK-5)",not established,Ranked,crimegrade.org; CAASPP 2025 (CDE); sanleandro.schoolmint.net (SLUSD enrollment portal),"enrolment +1.2% 2023-25 (flat); address-based assignment; Fully clean — the only place in the batch with all three data types present. Rent: standard Zumper city pattern; 2BR $2,595 and 3BR $3,500 from the same page and table (1BR $1,990), updated Aug 8 2026. Page notes a thin market (62 tracked rentals). Crime: standard CrimeGrade city slug, violent 4.803/1k, property 20.59/1k. District: GreatSchools city page confirmed San Leandro, Alameda County. San Leandro Unified is a K-12 UNIFIED district, so the same name is correctly placed in both the elementary and high-school "
51,Larkspur,Marin,City,56.4,24.5,79.3,34.1,70.7,92.6,37.2,3200,6420,79% of 2BR stock,Plenty,5% of 3BR stock,Very few,6.2,24.1,Larkspur-Corte Madera,78.8,10,Tamalpais Union High,61.5,9,24.9,12.3,229714,13064,-10.9,"address-based attendance area with a lottery overflow — students inside a school's neighborhood attendance parameters (The Cove or Neil Cummins) get priority placement; ""All others will be placed in the lottery,"" and parents may only state a preference","Constrained in the extreme — no TK at all: ""The Larkspur-Corte Madera School District is not offering Transitional Kindergarten (TK) during the 2025-2026 or 2026-2027 school years.""",Ranked,crimegrade.org; CAASPP 2025 (CDE); lcmschools.org,"enrolment -10.9% 2023-25 (seats opening); address-based assignment; TK constrained; Zumper slug worked; 2BR and 3BR from the same page (3BR $6,420 is a wide jump off the 2BR but same page, same publisher, so kept). Clean California two-district case: GreatSchools showed Larkspur-Corte Madera School District (TK-8, 4 schools) for elementary and Tamalpais Union High School District (9-12, 6 schools) for high school — both reported as shown. CrimeGrade pages both confirmed Larkspur, CA."
52,Benicia,Solano,City,56.2,57.3,65.7,83.8,47.9,46.4,35.8,2310,3495,98% of 2BR stock,Plenty,69% of 3BR stock,Plenty,4.1,18.8,Benicia Unified,61.5,9,Benicia Unified,49.1,8,36.2,21.7,214077,27131,0.0,address-based attendance area,"Constrained when a grade level fills. Neighborhood placement is only ""Automatic placement guaranteed when space is available""; schools ""that do not have enough room in a grade level to accommodate all students living within the boundary"" place students ""on a waitlist at their resident school and assigned, or overflowed, to another school"" that has space. This overflow/waitlist policy is stated district-wide for all grade levels (TK-12), not specifically for TK.",Ranked,crimegrade.org; CAASPP 2025 (CDE); beniciaunified.org,"enrolment +0.0% 2023-25 (flat); address-based assignment; TK constrained; Clean run, all three fields from the primary URL patterns with no fallbacks. Rent 2BR and 3BR both from the same Zumper page's bedroom comparison table. Crime from the matched CrimeGrade pair (property: https://crimegrade.org/property-crime-benicia-ca/). District: single K-12 unified district (4,346 students, 8 schools), so the same name is correctly repeated in both the elementary and high school fields."
53,Millbrae,San Mateo,City,55.8,47.3,71.4,40.7,80.0,33.6,61.9,3944,5230,52% of 2BR stock,Some,17% of 3BR stock,Few,4.2,24.8,Millbrae Elementary,64.8,9,San Mateo Union High,62.0,9,20.2,13.6,362531,23216,1.9,address-based attendance area,"Not TK-specific, and a seat in the district is guaranteed: ""Resident registrations are always welcome and placement is always guaranteed at one of our Union School District schools."" The home school is not guaranteed, however — ""If a grade level is closed, you can still register, and placement at another District school will be offered."" No TK waitlist or TK lottery stated.",Ranked,crimegrade.org; CAASPP 2025 (CDE); unionsd.org,"enrolment +1.9% 2023-25 (flat); address-based assignment; TK constrained; Clean run — all four fields from the standard URL patterns, no collisions. 2BR and 3BR both from the same Zumper page. Crime from both CrimeGrade pages, same publisher. This is the classic California split-district case: a K-8 elementary district (Millbrae Elementary, 5 schools) plus a separate 9-12 union high district (San Mateo Union High, 10 schools) — two different names, correctly not duplicated. Note San Mateo Union High School District is named for the CITY of San Mateo but genuinely serves Millbrae; this is"
54,Santa Clara,Santa Clara,City,55.6,83.6,65.3,44.3,27.9,30.0,82.8,3665,5031,62% of 2BR stock,Plenty,21% of 3BR stock,Few,3.1,9.3,Santa Clara Unified,58.0,8,Santa Clara Unified,52.4,8,50.7,38.8,571369,127647,2.9,address-based attendance area (with an optional open-enrollment lottery layered on top for transfers),"CONSTRAINED — ""Students will be placed at one of the TK sites based on availability"" (stated twice); TK runs at ""most SCUSD elementary school sites"", not all; and ""Open Enrollment does not apply to Transitional Kindergarten students"", so the K-12 choice route is unavailable for TK",Ranked,crimegrade.org; CAASPP 2025 (CDE); santaclarausd.org,"enrolment +2.9% 2023-25 (flat); address-based assignment; TK constrained; CITY vs COUNTY collision explicitly resolved — this is the biggest trap in the batch. Both CrimeGrade pages stated 'The grade covers only Santa Clara's official city boundaries', and the GreatSchools page stated 'Santa Clara is a city in Santa Clara county', so all figures are city-level, not county-level. Rent 2BR and 3BR from the same Zumper page. District: GreatSchools listed Santa Clara Unified (K-12, 31 schools) and Cupertino Union School District (K-8, 23 schools). Santa Clara Unified is reported in both fiel"
55,Inner Richmond,San Francisco,SF neighbourhood,55.6,57.2,50.2,39.5,89.5,9.0,87.9,3695,5495,61% of 2BR stock,Plenty,13% of 3BR stock,Few,3.6,21.3,San Francisco Unified,50.1,7,San Francisco Unified,49.1,8,14.8,4.0,656998,23800,0.3,choice lottery,CONSTRAINED — oversubscribed schools allocate limited TK openings by tiebreakers plus random numbers; families join waitlists after assignment,Ranked,"DataSF SFPD incident reports 2025-07..2026-07, calibrated to the CrimeGrade scale; CAASPP 2025 (CDE); sfusd.edu","enrolment +0.3% 2023-25 (flat); choice/lottery assignment; TK constrained; CONVERSION FLAG: CrimeGrade published odds, not rates, for this neighborhood - '1 in 295' chance of violent victimization and '1 in 25' for property crime. I converted to per-1,000 (1000/295 = 3.39; 1000/25 = 40.0). These are conversions of a stated odds figure, not directly published per-1,000 rates. Rent figures conflict sharply across platforms: RentHop $3,695 (2BR) and $5,495 (3BR, up $856 YoY) vs a separate 2BR range of $3,895-$4,195, a $7,451 2BR outlier, and a $4,830 3BR average from another aggregator. Zump"
56,El Sobrante,Contra Costa,Unincorporated community,55.6,58.3,10.8,94.0,58.1,59.0,53.0,2297,3050,98% of 2BR stock,Plenty,83% of 3BR stock,Plenty,3.7,20.7,West Contra Costa Unified,29.8,3,West Contra Costa Unified,29.5,3,31.3,13.6,319145,14169,-2.2,address-based attendance area,"Constrained — a TK seat somewhere is guaranteed, but not at the resident school",Ranked,crimegrade.org; CAASPP 2025 (CDE); wccusd.net,"enrolment -2.2% 2023-25 (flat); address-based assignment; TK constrained; RENT: standard Zumper city pattern worked for this CDP; page confirmed El Sobrante, CA. 2BR $2,297 and 3BR $3,050 from the SAME page (1BR $1,783). CRIME: violent 3.721 from the URL above, property 20.70 from https://crimegrade.org/property-crime-el-sobrante-ca/ — same publisher, place confirmed on both. DISTRICT: https://www.greatschools.org/california/el-sobrante/ names a single K-12 unified district, West Contra Costa Unified (headquartered in Richmond, 63 schools), so the same name is entered in both fields per "
57,West Menlo Park,San Mateo,Unincorporated community,55.5,98.0,78.6,24.6,42.1,38.8,51.2,4600,6200,31% of 2BR stock,Some,6% of 3BR stock,Very few,0.9,4.0,Las Lomitas Elementary,82.8,10,Sequoia Union High,57.2,9,38.5,27.6,309008,3712,0.8,address-based attendance area,"Not TK-specific, and a seat in the district is guaranteed: ""Resident registrations are always welcome and placement is always guaranteed at one of our Union School District schools."" The home school is not guaranteed, however — ""If a grade level is closed, you can still register, and placement at another District school will be offered."" No TK waitlist or TK lottery stated.",Ranked,areavibes.com (modelled from demographics; place not in FBI UCR reporting); CAASPP 2025 (CDE); unionsd.org,"enrolment +0.8% 2023-25 (flat); address-based assignment; TK constrained; PASS-2 TARGETS WERE CRIME + DISTRICT; both resolved. URL NOTE FOR THE PIPELINE: areavibes uses '+' not '-' for multi-word place slugs — https://www.areavibes.com/west+menlo+park-ca/crime/ works where a hyphenated slug does not. CRIME CONVERTED: violent 93/100k and property 396/100k (2024), divided by 100 to give 0.93 and 3.96 per 1,000, both from the same page. SAME CAVEAT AS LARKFIELD: the page states West Menlo Park is not directly available in FBI reports and these are demographic-model estimates, not reported c"
58,Lucas Valley-Marinwood,Marin,Unincorporated community,55.5,95.1,39.4,67.7,57.2,49.5,23.7,2995,3595,85% of 2BR stock,Plenty,65% of 3BR stock,Plenty,1.6,6.8,Miller Creek Elementary,62.0,9,San Rafael City Elementary,35.0,5,31.5,19.3,122386,6043,-0.9,address-based attendance area,"Constrained. ""All eligible TK students will be enrolled and assigned to a TK program within the district. Assignment may be at a different school than the student's school of residence."" The district also notes that for 2027-2028 all TK classes will be consolidated at one centralized location (380 Nova Albion Way), so the home school is explicitly not guaranteed for TK.",Ranked,areavibes.com (modelled from demographics; place not in FBI UCR reporting); CAASPP 2025 (CDE); millercreeksd.org,"enrolment -0.9% 2023-25 (flat); address-based assignment; TK constrained; CONVERTED from per-100,000 to per-1,000 (divided by 100). Original figures on the page: violent crime 158 per 100,000; property crime 676 per 100,000. Both taken from the SAME AreaVibes page. Place/county confirmed as Lucas Valley-Marinwood, Marin County. IMPORTANT CAVEAT: the page states ""Lucas Valley-Marinwood crime rates are not available from the FBI crime report"" and that the figures are ESTIMATES modelled from demographic data (home prices, income per capita, poverty, unemployment, educational achievement, po"
59,San Pablo,Contra Costa,City,55.2,45.7,10.8,96.4,62.3,59.0,57.2,2100,3100,99% of 2BR stock,Plenty,82% of 3BR stock,Plenty,4.5,20.9,West Contra Costa Unified,29.8,3,West Contra Costa Unified,29.5,3,28.7,11.8,341449,31845,-2.2,address-based attendance area,"Constrained — a TK seat somewhere is guaranteed, but not at the resident school",Ranked,crimegrade.org; CAASPP 2025 (CDE); wccusd.net,"enrolment -2.2% 2023-25 (flat); address-based assignment; TK constrained; Zumper slug worked; both bedroom figures from the same page. Name-collision check: verified the pages are San Pablo, CA (Contra Costa County) and not San Pablo Bay or any similarly-named place. Single UNIFIED district covers K-12 (West Contra Costa Unified, PK/K-12, 63 schools), so the same name is placed in both district fields per the instructions. Did not borrow any Richmond figure."
60,Hercules,Contra Costa,City,55.2,76.3,10.8,92.8,50.0,59.0,42.3,2295,3075,98% of 2BR stock,Plenty,83% of 3BR stock,Plenty,3.0,16.9,West Contra Costa Unified,29.8,3,West Contra Costa Unified,29.5,3,35.6,16.4,263165,26016,-2.2,address-based attendance area,"Constrained — a TK seat somewhere is guaranteed, but not at the resident school",Ranked,crimegrade.org; CAASPP 2025 (CDE); wccusd.net,"enrolment -2.2% 2023-25 (flat); address-based assignment; TK constrained; Complete row — all standard patterns worked. RENT: 2BR $2,295 and 3BR $3,075 from the SAME Zumper page (1BR $1,875); same-publisher rule satisfied. Page flagged the 2BR as up 18% in 30 days, so this figure may be noisy month-to-month. CRIME: violent 2.996, property 16.94 (crimegrade.org/property-crime-hercules-ca/). DISTRICT: single K-12 UNIFIED district covers the city, so per the brief's rule the same name is written into both the elementary and high school fields. GreatSchools confirmed 'Hercules, a city in Cont"
61,Kentfield,Marin,Unincorporated community,55.1,44.6,90.6,18.6,67.0,75.7,34.0,4120,7850,46% of 2BR stock,Some,1% of 3BR stock,Almost none,4.7,19.9,Kentfield Elementary,76.5,10,Kentfield Elementary,78.1,10,26.5,14.0,199876,6485,-4.6,address-based attendance area — residency-based; single-elementary district (Bacich),"Constrained — the district does not run a standard full-day in-district TK classroom: ""KSD provides access to a 3 hour UTK program for KSD families through a partnership with local community agencies,"" and the College of Marin partner program has ""limited space for prioritized enrollment (CSPP eligibility criteria).""",Ranked,crimegrade.org; CAASPP 2025 (CDE); kentfieldschools.org,"enrolment -4.6% 2023-25 (seats opening); address-based assignment; TK constrained; RENT: 2BR $4,120 and 3BR $7,850 from the SAME Zumper page (1BR $2,982) — same-publisher rule satisfied. Large 2BR-to-3BR jump is what the page shows; not adjusted. CRIME: both CrimeGrade pages resolved to Kentfield, CA. HIGH SCHOOL DISTRICT = NULL and this is a deliberate miss, not an oversight: the GreatSchools Kentfield page names only 'Kentfield Elementary School District' (K-8, 2 schools). I re-queried the same page asking it to list every district and any 9-12 district — it again returned only the K-8 district"
62,San Jose,Santa Clara,City,54.9,68.7,35.2,48.5,23.7,72.4,80.9,3580,4495,65% of 2BR stock,Plenty,34% of 3BR stock,Some,3.7,16.1,San Jose Unified,46.4,7,San Jose Unified,45.5,7,54.3,42.1,548099,983489,-4.2,address-based attendance area,"Not TK-specific. The district-wide capacity rule covers every grade including TK: when ""the neighborhood school may be at capacity for the enrolling grade level... the student will be overloaded to the nearest school with available space"" and is ""placed on a waitlist to return to the neighborhood school should space become available."" Enrollment itself is open year-round TK-12. No TK-only waitlist or lottery stated.",Ranked,crimegrade.org; CAASPP 2025 (CDE); sjusd.org,"enrolment -4.2% 2023-25 (seats opening); address-based assignment; TK constrained; RENT: standard Zumper city pattern; page confirmed San Jose, CA, updated 2026-08-08. 2BR $3,580 and 3BR $4,495 from the SAME page (1BR $2,683). CAVEAT on the 3BR: the page phrases it as '3-bedrooms and 4+ bedrooms reaching $4,495/month', so that figure may bundle 4+BR units with 3BR rather than being a clean 3BR average. CRIME: violent 3.711 (assault 2.183, robbery 0.9647, rape 0.5411, murder 0.0217) and property 16.09 from https://crimegrade.org/property-crime-san-jose-ca/ — same publisher. Note both CrimeGrade pa"
63,Walnut Creek,Contra Costa,City,54.9,48.9,81.5,55.7,52.1,40.5,50.7,3364,4300,73% of 2BR stock,Plenty,40% of 3BR stock,Some,3.8,27.7,Walnut Creek Elementary,70.2,10,Acalanes Union High,73.2,10,35.0,19.6,308842,70127,2.0,,not established,Ranked,crimegrade.org; CAASPP 2025 (CDE),"enrolment trend only; assignment system and TK position not established; enrolment +2.0% 2023-25 (flat); Cleanest row in the batch — all three standard patterns worked first try. Rent: 2BR and 3BR from the same Zumper page (1BR $2,640 also shown). Crime: both crimegrade pages self-identified as Walnut Creek, CA. District: a genuine two-district split as the instructions anticipated — Walnut Creek Elementary School District (K-8, 7 schools) for elementary and Acalanes Union High School District (9-12, 6 schools) for high school, both printed on the GreatSchools page with matching grade spans."
64,Glen Park,San Francisco,SF neighbourhood,54.8,68.4,50.2,21.6,85.8,9.0,94.0,4600,6695,31% of 2BR stock,Some,3% of 3BR stock,Very few,1.8,28.9,San Francisco Unified,50.1,7,San Francisco Unified,49.1,8,17.0,4.8,712104,8500,0.3,choice lottery,CONSTRAINED — oversubscribed schools allocate limited TK openings by tiebreakers plus random numbers; families join waitlists after assignment,Ranked,"DataSF SFPD incident reports 2025-07..2026-07, calibrated to the CrimeGrade scale; CAASPP 2025 (CDE); sfusd.edu","enrolment +0.3% 2023-25 (flat); choice/lottery assignment; TK constrained; Fully clean. Rent: SF-neighbourhood Zumper pattern worked; 2BR $4,600 and 3BR $6,695 both came off the SAME page in the same 1BR/2BR/3BR table (1BR $3,595), satisfying the same-publisher rule. Page self-identified as Glen Park, San Francisco. Crime: SF-neighbourhood CrimeGrade slug worked on both pages; violent 4.583/1k, property 24.97/1k (graded C, 41st percentile). District skipped per instructions — SF neighbourhood, San Francisco Unified."
65,Atherton,San Mateo,Town,54.7,34.3,75.8,20.4,52.6,86.4,58.6,4600,6950,31% of 2BR stock,Some,2% of 3BR stock,Very few,4.6,30.2,Menlo Park City Elementary,80.8,10,Sequoia Union High,57.2,9,34.8,25.5,347629,7188,-1.6,address-based attendance area,"WIDELY AVAILABLE district-wide, but specific school not guaranteed — asked whether there is space, the district answers ""Yes, for all students who are age eligible"", while also stating ""The district does not offer guaranteed placement in a specific school for TK"" and no priority registration for TK",Ranked,crimegrade.org; CAASPP 2025 (CDE); district.mpcsd.org,"enrolment -1.6% 2023-25 (flat); address-based assignment; TK widely available; Rent: standard Zumper town pattern; 3BR from the same page as the 2BR. The page also gives a $3,440 blended median across all unit types - not used. Crime: both CrimeGrade pages resolved and named Atherton (property crime graded D-). District: ELEMENTARY IS SPLIT THREE WAYS - the GreatSchools page lists Menlo Park City Elementary, Las Lomitas Elementary, and Redwood City Elementary as all serving Atherton. I recorded Menlo Park City Elementary as the representative entry, but the correct elementary district is addr"
66,Richmond,Contra Costa,City,54.4,34.3,10.8,86.2,67.9,59.0,68.4,2395,3400,97% of 2BR stock,Plenty,72% of 3BR stock,Plenty,5.7,20.1,West Contra Costa Unified,29.8,3,West Contra Costa Unified,29.5,3,25.9,10.0,389375,116448,-2.2,address-based attendance area,"Constrained — a TK seat somewhere is guaranteed, but not at the resident school",Ranked,crimegrade.org; CAASPP 2025 (CDE); wccusd.net,"enrolment -2.2% 2023-25 (flat); address-based assignment; TK constrained; Complete — all three URL patterns worked on the first try. NAME COLLISION RESOLVED: 'Richmond' is both this Contra Costa County city and a San Francisco district (the Richmond District). I explicitly checked the CrimeGrade page, which states it concerns Richmond, CA in Contra Costa County and not a San Francisco district — so the crime pair (violent 5.683, property 20.07, same publisher) is the right Richmond. Zumper page confirmed as the California city: 1BR $1,797, 2BR $2,395, 3BR $3,400 as of Aug 8 2026; 2BR and"
67,Belmont,San Mateo,City,54.3,52.9,74.6,25.1,63.5,56.0,54.0,4411,6382,36% of 2BR stock,Some,5% of 3BR stock,Very few,3.4,28.6,Belmont-Redwood Shores Elementary,78.3,10,Sequoia Union High,57.2,9,28.1,20.1,329037,28335,-2.0,"address-based attendance area — assignment is driven by home address (walking distance), not by family-ranked choice","Constrained — TK is offered at only some sites (Cipriani, Fox, Redwood Shores, Sandpiper; Nesbit beginning 2026-27), and the district states ""Many students will not attend Transitional Kindergarten at their school of assignment.""",Ranked,crimegrade.org; CAASPP 2025 (CDE); brssd.org,"enrolment -2.0% 2023-25 (flat); address-based assignment; TK constrained; Collision check: 'Belmont' exists in several states; the GreatSchools page explicitly states 'Belmont is a city in San Mateo county, California', confirming the right place, and the CrimeGrade/Zumper pages both self-identified as Belmont, California. 2BR and 3BR from the same Zumper page. Caveat: that page reports rents 'increased by 43% over the last month', a suspicious one-month jump implying a small sample — reported as published. Split district pattern: Belmont-Redwood Shores Elementary (K-8) + Sequoia Union H"
68,Union City,Alameda,City,54.3,72.0,33.3,64.7,42.8,46.4,66.5,3217,3580,78% of 2BR stock,Plenty,65% of 3BR stock,Plenty,3.1,18.7,New Haven Unified,47.9,7,New Haven Unified,42.0,6,38.3,23.7,385915,70143,0.0,address-based attendance area,"Likely constrained, stated indirectly: the enrollment FAQ says ""Kindergarten and transitional kindergarten availability is the hardest to predict,"" and a transfer applicant ""would have to start the year in his/her home school until we are sure that space is available."" This appears in the intra-district transfer context, not as a description of resident TK enrollment; no TK lottery or formal waitlist is described.",Ranked,crimegrade.org; CAASPP 2025 (CDE); mynhusd.org,"enrolment +0.0% 2023-25 (flat); address-based assignment; TK constrained; Complete — all three URL patterns worked first try. Zumper confirmed as the Alameda County city (neighbours listed: Fremont, Hayward, Milpitas, Oakland): 1BR $2,790, 2BR $3,217, 3BR $3,580, overall median $3,005/mo Aug 2026; 2BR and 3BR from the SAME page. CrimeGrade pair both self-identified as Union City, CA with neighbours Newark, Hayward, Fremont, Fairview, Cherryland — correct place, no collision with Union City in other states since the slug is -ca. Violent 3.076, property 18.66. GreatSchools lists one K-12 d"
69,Tiburon,Marin,Town,54.0,41.8,95.3,3.0,82.1,36.4,65.1,4427,12445,36% of 2BR stock,Some,0% of 3BR stock,Almost none,4.4,27.9,Reed Union Elementary,77.0,10,Reed Union Elementary,82.5,10,19.3,6.4,378415,9148,1.3,"address-based attendance area — effectively district-wide, since there is one school per grade span (Reed PreK-2, Bel Aire 3-5, Del Mar 6-8), so no intra-district school choice exists","No constraint found — no waitlist, lottery, or seat-limit language on the PreK/TK registration page or FAQ; eligibility is age (""turn 4 years old on or before September 1st"") plus residency (""reside within the RUSD boundaries""), with online registration opening January 21, 2026. Read as open, but the district publishes no explicit capacity statement.",Ranked,crimegrade.org; CAASPP 2025 (CDE); reedschools.org,"enrolment +1.3% 2023-25 (flat); address-based assignment; TK constrained; Zumper /rent-research/tiburon-ca worked; 2BR and 3BR both from that SAME page (same-publisher rule satisfied). CAUTION: the 3BR figure of $12,445 is anomalously high versus the $4,427 2BR, and the same page reported rents 'increased by 109% over the last month' — this points to a very thin listing sample in a small town, not a real bedroom premium. Reported as-seen rather than adjusted, but treat as low-confidence. Crime from both CrimeGrade pages, same publisher. GreatSchools Tiburon page named ONLY Reed Union Ele"
70,Discovery Bay,Contra Costa,Unincorporated community,53.5,88.6,38.7,81.1,8.4,91.2,13.0,2650,3295,93% of 2BR stock,Plenty,76% of 3BR stock,Plenty,2.6,9.4,Byron Union Elementary,55.3,8,Byron Union Elementary,40.2,6,67.2,44.0,63644,15235,-6.9,,not established,Ranked,crimegrade.org; CAASPP 2025 (CDE),"enrolment trend only; assignment system and TK position not established; enrolment -6.9% 2023-25 (seats opening); Rent and crime complete; high school district null. Zumper page titled 'Average Rent in Discovery Bay, CA': 1BR $1,700, 2BR $2,650, 3BR $3,295 as of Aug 9 2026, with 2BR and 3BR from the SAME page. CrimeGrade pair both self-identified as Discovery Bay, CA: violent 2.609, property 9.367 — the lowest crime figures in this batch. DISTRICT PARTIAL: GreatSchools names exactly one district, Byron Union Elementary School District (5 schools), and labels it 'Grades K-12', which contradicts 'Elementary' in its own name. I r"
71,San Carlos,San Mateo,City,53.4,59.8,98.1,26.9,60.9,19.5,54.9,4550,6000,32% of 2BR stock,Some,7% of 3BR stock,Very few,3.6,20.4,San Carlos Elementary,81.7,10,San Carlos Elementary,82.6,10,29.5,21.2,330108,30722,5.5,,"LIKELY CONSTRAINED — UNVERIFIED: search excerpts attributed to scsdk8.org state TK, K, 1st and 6th are ""nearing enrollment limits"" due to ""high demand and limited capacity"", placement ""first-come, first-served"", siblings placed first and others ""assigned to a school based on space available"". Treat as a lead, not a confirmed fact",Ranked,crimegrade.org; CAASPP 2025 (CDE); scsdk8.org (search excerpt only; district site blocked with 403 — not directly read),"enrolment +5.5% 2023-25 (filling); TK constrained; Rent: standard Zumper city pattern; 2BR and 3BR from the same page. Crime: both CrimeGrade pages resolved and named San Carlos. District: HIGH SCHOOL LEFT NULL DELIBERATELY - the GreatSchools San Carlos page named only San Carlos Elementary School District (K-8, 3,254 students). It noted the city contains 2 high schools but never named the district operating them, so I did not fill the field. Not a unified district, so the elementary name must not be copied into the high-school field."
72,El Cerrito,Contra Costa,City,53.3,38.6,10.8,70.1,70.0,59.0,71.2,2672,3750,93% of 2BR stock,Plenty,59% of 3BR stock,Some,4.8,21.2,West Contra Costa Unified,29.8,3,West Contra Costa Unified,29.5,3,25.1,9.5,430588,25962,-2.2,address-based attendance area,"Constrained — a TK seat somewhere is guaranteed, but not at the resident school",Ranked,crimegrade.org; CAASPP 2025 (CDE); wccusd.net,"enrolment -2.2% 2023-25 (flat); address-based assignment; TK constrained; COLLISION CHECKED: California has both the Contra Costa County city of El Cerrito (this place, pop ~25,962) and an El Cerrito CDP in Riverside County. The GreatSchools page explicitly stated 'El Cerrito is located in Contra Costa County, California', confirming the -ca slug resolves to the right place; the CrimeGrade violent page also placed it in Contra Costa County. Zumper and CrimeGrade pages said only 'El Cerrito, CA' without a county, so their county identity is inferred from the shared canonical slug rather t"
73,Sunset/Parkside,San Francisco,SF neighbourhood,53.3,84.5,50.2,14.4,77.2,9.0,84.2,5248,7212,17% of 2BR stock,Few,2% of 3BR stock,Almost none,2.5,15.9,San Francisco Unified,50.1,7,San Francisco Unified,49.1,8,21.8,6.4,582379,84600,0.3,choice lottery,CONSTRAINED — oversubscribed schools allocate limited TK openings by tiebreakers plus random numbers; families join waitlists after assignment,Ranked,"? (3BR reconstructed from 2BR x 1.37); DataSF SFPD incident reports 2025-07..2026-07, calibrated to the CrimeGrade scale; CAASPP 2025 (CDE); sfusd.edu","enrolment +0.3% 2023-25 (flat); choice/lottery assignment; TK constrained; Only crime was requested. Slug hunt: /violent-crime-sunset-district-san-francisco-ca/ returned 404 and /violent-crime-sunset-san-francisco-ca/ returned 404. The slug that resolved was 'parkside': violent 5.644 and property 28.10, both pages self-identifying as 'Parkside, San Francisco, CA' — same publisher, matched pair. Reader caveat: these cover the Parkside half of the combined Sunset/Parkside district, not the Sunset half, because CrimeGrade has no page for the merged district. I did NOT substitute the citywide"
74,Redwood City,San Mateo,City,53.1,48.7,62.4,30.2,56.7,65.0,55.3,3995,5800,50% of 2BR stock,Some,9% of 3BR stock,Very few,4.5,19.4,Redwood City Elementary,45.4,7,Sequoia Union High,57.2,9,31.8,23.1,332572,84292,-2.8,"address-based attendance area (with an optional ""School of Choice"" lottery layered on top for specialized/immersion programs only)","Constrained. Enrollment page (which explicitly covers ""new 2026-27 students entering TK and K-8 grades""): ""If space is not available at the neighborhood school at the time the family is enrolling during the spring and summer, students are placed at a different school until space becomes available at their neighborhood school. Students are enrolled in the order in which they submit their application."" School of Choice page adds: ""If a student moves into the area after the open enrollment period and their neighborhood school is full, they will be placed at a school that has openings,"" and ""seats are limited and families transferring from another neighborhood school may be placed on a waitlist.""",Ranked,crimegrade.org; CAASPP 2025 (CDE); rcsdk8.net,"enrolment -2.8% 2023-25 (flat); address-based assignment; TK constrained; All four patterns worked first try. 2BR and 3BR from the same Zumper page. GreatSchools confirmed San Mateo County and a two-district split: K-8 Redwood City Elementary plus 9-12 Sequoia Union High. Note the name collision risk in this county — verified the pages say Redwood City, not the separate city of San Mateo or San Mateo County."
75,Noe Valley,San Francisco,SF neighbourhood,52.8,62.6,50.2,6.0,90.2,9.0,98.6,5995,8238,7% of 2BR stock,Very few,0% of 3BR stock,Almost none,1.9,52.8,San Francisco Unified,50.1,7,San Francisco Unified,49.1,8,14.2,3.8,737761,22000,0.3,choice lottery,CONSTRAINED — oversubscribed schools allocate limited TK openings by tiebreakers plus random numbers; families join waitlists after assignment,Ranked,"? (3BR reconstructed from 2BR x 1.37); DataSF SFPD incident reports 2025-07..2026-07, calibrated to the CrimeGrade scale; CAASPP 2025 (CDE); sfusd.edu","enrolment +0.3% 2023-25 (flat); choice/lottery assignment; TK constrained; 2BR rent sources disagree widely: RentHop $5,995 (May 2026, used here), RentCafe range $4,250-$7,324 (Jul 2026), Apartments.com ~$3,530. Zumper 2BR-apartments page title showed 25 rentals. 3BR listings: Zumper page title read '408 3 Bedroom Homes' which is implausible for a ~22k-population neighborhood and is almost certainly a city/region-wide count; the search tool's synthesized reading of the same Zumper page gave 47 available 3BR houses, which is what is recorded. No sub-$4,000 filtered page found for either be"
76,Colma,San Mateo,Town,52.7,11.9,28.6,43.1,87.0,67.4,78.1,4045,4775,48% of 2BR stock,Some,26% of 3BR stock,Few,7.6,59.0,Jefferson Elementary,47.1,7,Jefferson Elementary,37.7,6,16.0,9.0,508519,1507,-1.6,,not established,Ranked,crimegrade.org; CAASPP 2025 (CDE),"enrolment trend only; assignment system and TK position not established; enrolment -1.6% 2023-25 (flat); Rent: standard Zumper city pattern worked; page self-identified as Colma, CA. 2BR and 3BR from the SAME page (1BR $3,030 also shown). Crime: both CrimeGrade pages resolved and both self-identified as Colma, CA (violent 7.588, property 58.96 — the very high property rate is plausible for Colma, a ~1,500-resident town whose daytime population is dominated by big-box retail, so per-resident rates are inflated). District: greatschools.org/california/colma/ named only Jefferson Elementary School District; confirmed inde"
77,West of Twin Peaks,San Francisco,SF neighbourhood,52.7,63.5,50.2,19.2,83.3,9.0,90.7,5000,6697,21% of 2BR stock,Few,3% of 3BR stock,Very few,2.8,25.0,San Francisco Unified,50.1,7,San Francisco Unified,49.1,8,19.1,5.5,679070,39000,0.3,choice lottery,CONSTRAINED — oversubscribed schools allocate limited TK openings by tiebreakers plus random numbers; families join waitlists after assignment,Ranked,"DataSF SFPD incident reports 2025-07..2026-07, calibrated to the CrimeGrade scale; CAASPP 2025 (CDE); sfusd.edu","enrolment +0.3% 2023-25 (flat); choice/lottery assignment; TK constrained; Rent: SF-neighbourhood Zumper pattern worked. Both figures from the same page and same table, so the same-publisher rule holds. Note a conflict inside the page: prose text says '2-bedroom apartments are $4,495' while the detailed bedroom-breakdown table shows $5,000 (up 35% in 30 days). I took the table value ($5,000) because the 3BR also comes from that table, which keeps 2BR and 3BR internally consistent; the $4,495 prose figure is the rejected alternative. Crime and district not attempted — batch listed this pla"
78,North Fair Oaks,San Mateo,Unincorporated community,52.6,43.4,62.4,31.1,54.4,65.0,59.5,4060,5717,48% of 2BR stock,Some,10% of 3BR stock,Few,5.0,18.5,Redwood City Elementary,45.4,7,Sequoia Union High,57.2,9,33.7,24.6,350630,14687,-2.8,"address-based attendance area (with an optional ""School of Choice"" lottery layered on top for specialized/immersion programs only)","Constrained. Enrollment page (which explicitly covers ""new 2026-27 students entering TK and K-8 grades""): ""If space is not available at the neighborhood school at the time the family is enrolling during the spring and summer, students are placed at a different school until space becomes available at their neighborhood school. Students are enrolled in the order in which they submit their application."" School of Choice page adds: ""If a student moves into the area after the open enrollment period and their neighborhood school is full, they will be placed at a school that has openings,"" and ""seats are limited and families transferring from another neighborhood school may be placed on a waitlist.""",Ranked,crimegrade.org; CAASPP 2025 (CDE); rcsdk8.net,"enrolment -2.8% 2023-25 (flat); address-based assignment; TK constrained; District URL: https://en.wikipedia.org/wiki/North_Fair_Oaks,_California . Pass-2 scope for this place was DISTRICT ONLY — rent and crime were already resolved in pass 1 and were not re-researched here; the nulls in those columns are out-of-scope placeholders, not new negative findings. Do not overwrite pass-1 rent/crime values with these nulls. greatschools.org/california/north-fair-oaks/ redirects to a generic statewide CA page (no place-level content); niche.com returned HTTP 403."
79,Pinole,Contra Costa,City,52.6,53.7,10.8,94.6,53.0,59.0,44.7,2300,2997,98% of 2BR stock,Plenty,85% of 3BR stock,Plenty,3.8,22.5,West Contra Costa Unified,29.8,3,West Contra Costa Unified,29.5,3,34.1,15.3,279061,19038,-2.2,address-based attendance area,"Constrained — a TK seat somewhere is guaranteed, but not at the resident school",Ranked,crimegrade.org; CAASPP 2025 (CDE); wccusd.net,"enrolment -2.2% 2023-25 (flat); address-based assignment; TK constrained; Complete, all four fetches clean. Zumper city pattern worked; 2BR ($2,300) and 3BR ($2,997) both from the SAME page (1BR $1,763). Both CrimeGrade pages resolved and named Pinole explicitly; property from https://crimegrade.org/property-crime-pinole-ca/. GreatSchools shows a single PK/K-12 unified district (West Contra Costa Unified, 63 schools) serving Pinole, so the same name fills both district fields."
80,Portola Valley,San Mateo,Town,52.6,63.1,79.8,13.8,40.0,83.8,35.3,5810,6710,9% of 2BR stock,Very few,3% of 3BR stock,Very few,4.4,12.7,Portola Valley Elementary,83.7,10,Sequoia Union High,57.2,9,41.0,29.7,207881,4456,-2.8,address-based attendance area,not established,Ranked,crimegrade.org; CAASPP 2025 (CDE); pvsd.net,"enrolment -2.8% 2023-25 (flat); address-based assignment; Complete. Rent: Zumper town page confirmed 'Portola Valley, California'; 2BR $5,810 and 3BR $6,710 BOTH from that same page (last-30-days listings) - same-publisher rule satisfied. Small, expensive market so sample is likely thin. Crime: both CrimeGrade pages named Portola Valley explicitly (violent 4.367; property 12.73, graded C+ / 48th percentile nationally). Property URL: https://crimegrade.org/property-crime-portola-valley-ca/. DISTRICT USED TWO SOURCES: GreatSchools /california/portola-valley/ (confirmed 'a c"
81,Livermore,Alameda,City,52.6,72.0,69.5,71.9,26.3,48.6,27.4,2687,3700,92% of 2BR stock,Plenty,61% of 3BR stock,Plenty,3.4,16.7,Livermore Valley Joint Unified,62.1,9,Livermore Valley Joint Unified,51.8,8,52.5,35.1,152139,87955,-0.3,address-based attendance area,"Widely available — ""Transitional kindergarten is the first year of a two-year kindergarten experience provided at all elementary and K-8 schools in our district."" No waitlist, lottery, or seat-limit language on the TK page.",Ranked,crimegrade.org; CAASPP 2025 (CDE); livermoreschools.org,"enrolment -0.3% 2023-25 (flat); address-based assignment; TK constrained; Rent: standard Zumper city pattern; 2BR and 3BR from the same page. The page's $3,088 all-types median was not used. Crime: both CrimeGrade pages resolved and named Livermore. District: single UNIFIED district (Livermore Valley Joint Unified, K-12, 19 schools, 12,968 students) covers K-12, same name in both fields. Tri-Valley ROP appeared on the page and was ignored per instruction."
82,Milpitas,Santa Clara,City,52.4,42.5,74.2,51.5,30.7,45.2,70.2,3537,4397,67% of 2BR stock,Plenty,37% of 3BR stock,Some,7.2,11.4,Milpitas Unified,66.9,9,Milpitas Unified,67.9,10,48.5,36.9,416527,80273,1.5,,not established,Ranked,crimegrade.org; CAASPP 2025 (CDE),"enrolment trend only; assignment system and TK position not established; enrolment +1.5% 2023-25 (flat); All four patterns worked first try. 2BR and 3BR from the same Zumper page. GreatSchools confirmed Santa Clara County and a single K-12 unified district, so Milpitas Unified is placed in both district fields per instructions."
83,Stanford,Santa Clara,Unincorporated community,52.1,48.6,97.4,19.8,42.1,44.5,60.0,4950,6710,22% of 2BR stock,Few,3% of 3BR stock,Very few,3.5,41.2,Palo Alto Unified,81.2,10,Palo Alto Unified,80.8,10,38.5,28.5,351872,21150,0.2,address-based attendance area,"Constrained — TK at only 7 of the district's elementary schools, cluster placement 'if space is available'",Ranked,crimegrade.org; CAASPP 2025 (CDE); pausd.org,"enrolment +0.2% 2023-25 (flat); address-based assignment; TK constrained; Complete row. RENT: 2BR $4,950 and 3BR $6,710 from the SAME Zumper page (1BR $3,660) — same-publisher rule satisfied. Page confirmed Stanford, CA. CRIME: violent 3.511, property 41.23 (crimegrade.org/property-crime-stanford-ca/); the violent page broke out assault 1.879, robbery 1.002, rape 0.5585, murder 0.0712. High property rate is plausible for a campus CDP where daytime population far exceeds the ~21k residential base — worth flagging since per-1k rates use resident denominators. DISTRICT: this is the unincorp"
84,Ladera,San Mateo,Unincorporated community,51.9,99.8,78.6,12.6,39.5,38.8,41.9,5470,7230,13% of 2BR stock,Few,2% of 3BR stock,Almost none,0.7,2.9,Las Lomitas Elementary,82.8,10,Sequoia Union High,57.2,9,41.3,30.0,260646,1499,0.8,address-based attendance area,"Not TK-specific, and a seat in the district is guaranteed: ""Resident registrations are always welcome and placement is always guaranteed at one of our Union School District schools."" The home school is not guaranteed, however — ""If a grade level is closed, you can still register, and placement at another District school will be offered."" No TK waitlist or TK lottery stated.",Ranked,"areavibes.com (modeled estimate, NOT FBI-reported) (modelled from demographics; place not in FBI UCR reporting); CAASPP 2025 (CDE); unionsd.org","enrolment +0.8% 2023-25 (flat); address-based assignment; TK constrained; IN SCOPE THIS PASS: crime + district. CRIME: converted from AreaVibes per-100,000 by dividing by 100 — violent 68/100k = 0.68 per 1k, property 292/100k = 2.92 per 1k. IMPORTANT CAVEAT: page states verbatim 'Ladera crime rates are not available from the FBI crime report' because the area is too small for the FBI's uniform crime reporting program; figures are demographic estimates, not observed reported crime. CrimeGrade 404'd. AreaVibes did not name the county on the crime page, but Ladera is the ~520-home CDP in so"
85,Saratoga,Santa Clara,City,51.6,84.0,96.7,32.9,24.2,18.1,53.5,3747,5940,59% of 2BR stock,Some,8% of 3BR stock,Very few,2.5,16.0,Saratoga Union Elementary,85.4,10,Los Gatos-Saratoga Union High,75.6,10,54.2,42.0,319724,31051,-0.2,"choice lottery — address does NOT determine the elementary school: ""Parents may therefore request the transitional kindergarten (TK) through fifth grade school within the district they wish their student to attend, provided the student resides within the boundaries of the District and space permits,"" and ""Proximity to school is not a criteria in placement."" ""Occasionally, a 'lottery' is required when registration requests for a particular grade level at an elementary school site exceed the space available."" (Middle school is single-site: all residents attend Redwood.)","Constrained — placement is space-dependent: TK-eligible-birthday students ""will be offered the TK option first and then, space permitting, we will open it up to families"" with slightly older children, and elementary placement at an oversubscribed site goes to a lottery",Ranked,crimegrade.org; CAASPP 2025 (CDE); saratogausd.org,"enrolment -0.2% 2023-25 (flat); choice/lottery assignment; TK constrained; Complete row. NAME COLLISION CHECKED: I explicitly verified every page said Saratoga, CALIFORNIA — not Saratoga/Saratoga Springs, NY. All three confirmed Santa Clara County, CA. RENT: 2BR $3,747 and 3BR $5,940 from the SAME Zumper page (1BR $3,300) — same-publisher rule satisfied. CRIME: violent 2.491, property 16.02 (crimegrade.org/property-crime-saratoga-ca/). DISTRICT: heavily split city. Three K-8 elementary districts listed (Saratoga Union, Cupertino Union, Campbell Union) and two 9-12 districts (Los Gatos-Sar"
86,Vallejo,Solano,City,51.4,30.0,0.5,99.4,46.5,97.6,34.4,1995,2650,99% of 2BR stock,Plenty,93% of 3BR stock,Plenty,5.4,23.6,Vallejo City Unified,22.8,1,Vallejo City Unified,21.7,2,37.0,22.6,202049,126090,-6.2,"address-based attendance area (with two district ""Lottery Schools"" as optional specialized alternatives)",not established,Ranked,crimegrade.org; CAASPP 2025 (CDE); vcusd.org,"enrolment -6.2% 2023-25 (seats opening); address-based assignment; All three standard city slugs worked cleanly and every page self-identified as Vallejo, CA. 2BR and 3BR from the same Zumper page (Zumper labelled these median rather than average). Property crime from the property-crime-vallejo-ca equivalent. GreatSchools showed a single K-12 unified district serving the city (Solano County Office of Education was listed but ignored per instruction), so the same name fills both district fields."
87,Pacific Heights,San Francisco,SF neighbourhood,51.3,53.3,50.2,8.4,94.9,9.0,92.1,5282,8119,16% of 2BR stock,Few,1% of 3BR stock,Almost none,3.1,59.4,San Francisco Unified,50.1,7,San Francisco Unified,49.1,8,9.9,2.3,692214,24000,0.3,choice lottery,CONSTRAINED — oversubscribed schools allocate limited TK openings by tiebreakers plus random numbers; families join waitlists after assignment,Ranked,"DataSF SFPD incident reports 2025-07..2026-07, calibrated to the CrimeGrade scale; CAASPP 2025 (CDE); sfusd.edu","enrolment +0.3% 2023-25 (flat); choice/lottery assignment; TK constrained; Consistent bedroom ladder from Apartments.com: studio ~$3,138, 1BR ~$3,693, 2BR ~$5,282, 3BR ~$8,119 - internally coherent, which is why these were used. Cross-checks: RentCafe gave a 2BR band of $3,500-$6,300 and an all-types average of $4,516; Zumper gave $5,595 for 2BR in Lower Pacific Heights (a separate, cheaper sub-neighborhood - not used for Pacific Heights proper). Average 2BR size is small at 671 sqft (3BR ~975 sqft), so the rent-per-square-foot is high even by SF standards. No 2BR-specific listing count f"
88,Palo Alto,Santa Clara,City,51.2,40.9,97.4,15.0,44.0,44.5,65.6,5482,6972,13% of 2BR stock,Few,2% of 3BR stock,Very few,4.2,34.1,Palo Alto Unified,81.2,10,Palo Alto Unified,80.8,10,37.9,28.0,381167,68572,0.2,address-based attendance area,"Constrained — TK at only 7 of the district's elementary schools, cluster placement 'if space is available'",Ranked,crimegrade.org; CAASPP 2025 (CDE); pausd.org,"enrolment +0.2% 2023-25 (flat); address-based assignment; TK constrained; COLLISION RESOLVED — Palo Alto vs East Palo Alto. Crime: I explicitly asked each crimegrade page which of the two it covered; the violent page confirmed it is Palo Alto proper and lists East Palo Alto only as a separate nearby city. District: the GreatSchools Palo Alto page listed Ravenswood City Elementary School District first, and I REJECTED it as Palo Alto's elementary district — Ravenswood City serves East Palo Alto / Menlo Park and appears on the page as a nearby-district listing, not the attendance district "
89,Woodside,San Mateo,Town,51.2,57.8,83.1,28.1,46.5,50.0,41.4,4239,6180,42% of 2BR stock,Some,6% of 3BR stock,Very few,4.5,15.8,Woodside Elementary,87.6,10,Sequoia Union High,57.2,9,37.0,26.4,246771,5309,2.7,"address-based attendance area — single-school district, so residence inside district boundaries determines the school",not established,Ranked,crimegrade.org; CAASPP 2025 (CDE); woodsideschool.us,"enrolment +2.7% 2023-25 (flat); address-based assignment; All three data types found via the standard patterns. 2BR and 3BR from the same Zumper page. GreatSchools page self-identified as 'Woodside is a city in San Mateo county, California' — correct place, and it gave the classic California split: Woodside Elementary SD (K-8) plus Sequoia Union High School District (9-12, Redwood City). The page also mentioned Cabrillo Unified covering some portions; I did not use it, since the K-8 + union-high pair is the primary residential assignment the page describes."
90,Nob Hill,San Francisco,SF neighbourhood,51.0,5.8,50.2,49.1,98.6,9.0,93.5,3490,4568,69% of 2BR stock,Plenty,32% of 3BR stock,Some,12.3,61.6,San Francisco Unified,50.1,7,San Francisco Unified,49.1,8,6.7,1.2,703518,26000,0.3,choice lottery,CONSTRAINED — oversubscribed schools allocate limited TK openings by tiebreakers plus random numbers; families join waitlists after assignment,Ranked,"DataSF SFPD incident reports 2025-07..2026-07, calibrated to the CrimeGrade scale; CAASPP 2025 (CDE); sfusd.edu","enrolment +0.3% 2023-25 (flat); choice/lottery assignment; TK constrained; Batch listed this place as needing crime only; rent was not in scope this run, so rent fields are null (not a miss). Crime: the SF-neighbourhood slug form worked on both pages — violent-crime-nob-hill-san-francisco-ca/ (10.98) and property-crime-nob-hill-san-francisco-ca/ (50.69), same publisher, both pages self-identified as 'Nob Hill, San Francisco, CA'. District is stated per the task's own instruction that all SF neighbourhoods are San Francisco Unified; district_source is null because I did not fetch a page to"
91,Excelsior,San Francisco,SF neighbourhood,51.0,39.0,50.2,31.7,84.2,9.0,91.6,4215,5500,43% of 2BR stock,Some,13% of 3BR stock,Few,5.7,17.9,San Francisco Unified,50.1,7,San Francisco Unified,49.1,8,18.4,5.3,690347,40300,0.3,choice lottery,CONSTRAINED — oversubscribed schools allocate limited TK openings by tiebreakers plus random numbers; families join waitlists after assignment,Ranked,"DataSF SFPD incident reports 2025-07..2026-07, calibrated to the CrimeGrade scale; CAASPP 2025 (CDE); sfusd.edu","enrolment +0.3% 2023-25 (flat); choice/lottery assignment; TK constrained; Complete. Rent: Zumper SF-neighbourhood pattern worked; page confirmed 'Excelsior, San Francisco, CA'. 2BR $4,215 and 3BR $5,500 BOTH from that same single page - same-publisher rule satisfied. Page also noted rents down 5% MoM, up 1% YoY. Crime: both CrimeGrade neighbourhood-form pages resolved and both explicitly named Excelsior ('The violent crime rate in Excelsior is 5.193 per 1,000 residents'; property 21.01). Property-crime URL is the crime_url sibling: https://crimegrade.org/property-crime-excelsior-san-fran"
92,Berkeley,Alameda,City,50.8,18.6,77.0,56.3,74.4,0.0,78.6,3341,4195,74% of 2BR stock,Plenty,43% of 3BR stock,Some,6.3,33.0,Berkeley Unified,71.2,10,Berkeley Unified,67.3,10,23.5,8.4,511950,124321,0.9,"choice lottery — ""controlled choice"" within three elementary zones; address sets your zone, not your school","Constrained — TK enrolls through the same centralized elementary assignment process; waitlist FAQ states ""Through a lottery, students are given a waitlist number"" and zone residency ""does not guarantee"" a seat. No TK-specific capacity statement found.",Ranked,crimegrade.org; CAASPP 2025 (CDE); berkeleyschools.net,"enrolment +0.9% 2023-25 (flat); choice/lottery assignment; TK constrained; Crime re-fetched from crimegrade.org for source consistency; the first pass had property 52.29 from plaincrime.com, ~58% above CrimeGrade. Crime figures are 2024 FBI-derived and were published per 100,000 (750 violent = 639/100k; 6,139 property = 5,229/100k); I converted to per 1,000 by dividing by 100. 2BR $3,341 from apartments.com; results also showed $3,348 (apartmentfinder.com), $3,195 (zillow.com), $3,020 (zumper.com, July 2026), $3,412 (renthop.com), $4,047+ (apartmentlist.com) - a wide spread. 3BR $4,195 is"
93,Pacifica,San Mateo,City,50.7,70.8,40.8,38.3,82.8,21.9,49.8,3944,5300,52% of 2BR stock,Some,16% of 3BR stock,Few,3.4,16.8,Pacifica,53.5,8,Jefferson Union High,45.1,7,19.2,13.5,299216,38640,-3.4,"choice lottery — entry-grade seats allocated by a district-wide TK/Kindergarten lottery; residency inside PSD boundaries is the eligibility gate, not a school guarantee","Constrained — TK is offered at only 4 of the district's schools (""offered at Cabrillo, Ortega, Sunset Ridge and Vallemar Schools in fall 2026"") and seats are allocated by lottery: ""The 2026-2027 TK/Kindergarten Lottery was held on Friday, February 6, 2026.""",Ranked,crimegrade.org; CAASPP 2025 (CDE); pacificasd.org,"enrolment -3.4% 2023-25 (seats opening); choice/lottery assignment; TK constrained; Complete row. Primary Zumper pattern worked; 2BR ($3,944) and 3BR ($5,300) both from the SAME Zumper page — same-publisher rule satisfied. Both CrimeGrade pages resolved and both self-identified as Pacifica, CA. GreatSchools: elementary = Pacifica School District (K-8), high school = Jefferson Union High School District (9-12, administered from Daly City). Note the known 'Jefferson' collision in San Mateo County — there is also a Jefferson Elementary School District; the page named Jefferson UNION HIGH for grades 9"
94,Seacliff,San Francisco,SF neighbourhood,50.7,77.9,50.2,1.2,83.7,9.0,81.9,5600,12390,11% of 2BR stock,Few,0% of 3BR stock,Almost none,1.9,20.1,San Francisco Unified,50.1,7,San Francisco Unified,49.1,8,18.5,5.3,560948,2500,0.3,choice lottery,CONSTRAINED — oversubscribed schools allocate limited TK openings by tiebreakers plus random numbers; families join waitlists after assignment,Ranked,"DataSF SFPD incident reports 2025-07..2026-07, calibrated to the CrimeGrade scale; CAASPP 2025 (CDE); sfusd.edu","enrolment +0.3% 2023-25 (flat); choice/lottery assignment; TK constrained; SF-neighbourhood Zumper pattern worked as documented; 2BR and 3BR both came off that single page, same publisher. The 3BR ($12,390) is a very large jump over the 2BR ($5,600) — reported as shown rather than smoothed, but a careful reader should treat it as a thin-sample luxury-listing artifact in a ~2,500-person enclave. Crime: standard hood slug (seacliff-san-francisco-ca) worked for both violent and property. District skipped per instructions (SF neighbourhood = SFUSD)."
95,Martinez,Contra Costa,City,50.6,48.5,61.3,75.4,46.5,32.6,39.1,2597,3625,94% of 2BR stock,Plenty,64% of 3BR stock,Plenty,3.9,26.7,Martinez Unified,54.3,8,Martinez Unified,48.0,8,37.0,21.0,236880,37287,2.0,"address-based attendance area (""resident school"")","Constrained after the initial window — TK/K enrollment runs a December 1 – January 12 window; applications after it ""are processed on a first come, first serve basis for space at your resident school."" No TK lottery or named waitlist was found.",Ranked,"crimegrade.org; CAASPP 2025 (CDE); martinezusd.net (read via search-result excerpt only — martinezusd.net was unreachable directly: HTTP-2 PROTOCOL_ERROR / empty reply on every attempt via WebFetch, curl, and the browser pane; lower-confidence than directly-read districts)","enrolment +2.0% 2023-25 (flat); address-based assignment; TK constrained; All three sources hit on the city slug. 2BR and 3BR from the same Zumper page. District nuance worth flagging: the GreatSchools page for Martinez lists TWO districts — Martinez Unified (10 schools, local) and Mt. Diablo Unified (55 schools, much larger, regional). I report Martinez Unified in both fields because it is the unified K-12 district named for and local to the city; Mt. Diablo Unified also appears on the page and reportedly serves some outlying parts of the Martinez area, so a household should verify by a"
96,Oakley,Contra Costa,City,50.5,78.8,25.1,91.0,13.0,70.0,25.1,2328,3197,97% of 2BR stock,Plenty,79% of 3BR stock,Plenty,3.2,12.7,Oakley Union Elementary,35.2,4,Liberty Union High,44.2,7,61.9,39.7,132262,43357,-3.2,"address-based attendance area — ""If you are unsure which school is your school of residence, you can utilize our interactive attendance boundary map on our District website""; enrollment requires two proofs of residence","Widely available — ""Transitional Kindergarten is available for all students who have turned 4 years of age by September 1, 2026""; TK enrollment is at the school of residence and no waitlist, lottery, or limited-seat language appears on the TK page",Ranked,crimegrade.org; CAASPP 2025 (CDE); ouesd.k12.ca.us,"enrolment -3.2% 2023-25 (seats opening); address-based assignment; TK constrained; Complete row. Zumper primary pattern worked; 2BR ($2,328) and 3BR ($3,197) from the SAME page (figures dated 8 Aug 2026). Both CrimeGrade pages resolved and named Oakley, CA. COLLISION CHECK PASSED: the GreatSchools page explicitly places Oakley in Contra Costa County, California, which matches the requested place — important because Oakley is also a well-known brand and there are Oakley place names elsewhere. DISTRICT: two-district split — elementary = Oakley Union Elementary School District (K-8, 9 schools), high"
97,Los Gatos,Santa Clara,Town,50.4,71.7,91.5,47.9,17.0,25.7,48.8,3295,4795,76% of 2BR stock,Plenty,26% of 3BR stock,Few,3.0,19.3,Los Gatos Union Elementary,79.1,10,Los Gatos-Saratoga Union High,75.6,10,58.0,45.3,296522,33529,4.1,address-based attendance area — but TK year specifically is site-preference with a lottery when oversubscribed,"Constrained — for 2026-27 ""all families registering for TK will indicate their site preference,"" and ""In the event demand exceeds capacity, those who register between February 2 and February 27 will be entered into a lottery to determine which site they will attend. Priority will be given to families with siblings at the requested school and then by attendance area.""",Ranked,crimegrade.org; CAASPP 2025 (CDE); lgusd.org (via search-result content; site blocked direct fetch with 403),"enrolment +4.1% 2023-25 (filling); address-based assignment; TK constrained; All three patterns worked. Rent: Zumper page self-identified as Los Gatos, California; 2BR and 3BR from the SAME page (1BR $2,395, overall average $3,245). Crime: both CrimeGrade pages self-identified as Los Gatos, CA. District: this is the classic California split-district case — greatschools.org/california/los-gatos/ confirmed 'Los Gatos, CA (Santa Clara County)' and listed FIVE elementary districts touching the town (Campbell Union, Union Elementary, Los Gatos Union Elementary, Loma Prieta Joint Union Elementary"
98,San Rafael,Marin,City,50.3,25.5,27.0,67.1,66.5,80.7,34.9,3050,3595,83% of 2BR stock,Plenty,65% of 3BR stock,Plenty,5.8,26.4,San Rafael City Elementary,38.7,5,San Rafael City High,43.6,7,26.9,14.4,206137,61271,0.6,address-based attendance area,"Widely available — ""Every SRCS elementary school will have at least one TK class next year, as well as Kindergarten classes."" Note a timing condition: completed TK registration packets are due by an early-March deadline ""to be considered for neighborhood school placement.""",Ranked,crimegrade.org; CAASPP 2025 (CDE); srcs.org (via search-result content; site dropped every direct fetch),"enrolment +0.6% 2023-25 (flat); address-based assignment; TK widely available; RENT: standard Zumper city pattern worked; page confirmed San Rafael, CA. 2BR $3,050 and 3BR $3,595 from the SAME page (1BR $2,495 for context). CRIME: violent 5.751 from the URL above, property 26.39 from https://crimegrade.org/property-crime-san-rafael-ca/ — same publisher, both pages confirmed as San Rafael. DISTRICT: https://www.greatschools.org/california/san-rafael/ lists five entries; this is a classic California split-district city, elementary and high school are genuinely different districts. Reported San "
99,Presidio Heights,San Francisco,SF neighbourhood,50.1,61.2,50.2,0.6,91.2,9.0,88.4,6500,13095,4% of 2BR stock,Very few,0% of 3BR stock,Almost none,2.5,36.4,San Francisco Unified,50.1,7,San Francisco Unified,49.1,8,13.1,3.4,663284,11000,0.3,choice lottery,CONSTRAINED — oversubscribed schools allocate limited TK openings by tiebreakers plus random numbers; families join waitlists after assignment,Ranked,"DataSF SFPD incident reports 2025-07..2026-07, calibrated to the CrimeGrade scale; CAASPP 2025 (CDE); sfusd.edu","enrolment +0.3% 2023-25 (flat); choice/lottery assignment; TK constrained; SF-neighbourhood Zumper pattern worked; 2BR and 3BR both from that same page. CrimeGrade SF-neighbourhood slug form (violent-crime-presidio-heights-san-francisco-ca) worked for BOTH violent and property, so no citywide SF substitution was needed; property page URL is the property-crime equivalent of the crime_url given. DISTRICT CAVEAT: I did not fetch any GreatSchools page for this neighbourhood — the task instruction said to skip district lookup for SF neighbourhoods because they are all SFUSD, so the district na"
100,Pittsburg,Contra Costa,City,50.0,57.8,1.4,89.2,26.3,93.8,31.6,2325,3300,97% of 2BR stock,Plenty,75% of 3BR stock,Plenty,3.7,20.8,Pittsburg Unified,26.3,2,Pittsburg Unified,23.9,2,52.5,32.1,186850,76416,-4.5,address-based attendance area,not established,Ranked,crimegrade.org; CAASPP 2025 (CDE); pittsburgusd.net,"enrolment -4.5% 2023-25 (seats opening); address-based assignment; COLLISION RESOLVED — Pittsburg CA vs Pittsburgh PA. I asked every page to confirm the state explicitly; the Zumper page and both crimegrade pages each confirmed Pittsburg, California, and the GreatSchools page placed it in Contra Costa County. Rent: 2BR and 3BR from the same Zumper page (1BR $1,870 also shown). District: the GreatSchools page also listed Mt. Diablo Unified School District (30,163 students, 55 schools) — I REJECTED that as a neighbouring/regional district listing rather than Pittsburg's attendance d"
101,Inner Sunset,San Francisco,SF neighbourhood,50.0,54.4,50.2,11.4,85.8,9.0,88.8,5100,7950,19% of 2BR stock,Few,1% of 3BR stock,Almost none,3.4,27.1,San Francisco Unified,50.1,7,San Francisco Unified,49.1,8,17.0,4.8,667042,22000,0.3,choice lottery,CONSTRAINED — oversubscribed schools allocate limited TK openings by tiebreakers plus random numbers; families join waitlists after assignment,Ranked,"DataSF SFPD incident reports 2025-07..2026-07, calibrated to the CrimeGrade scale; CAASPP 2025 (CDE); sfusd.edu","enrolment +0.3% 2023-25 (flat); choice/lottery assignment; TK constrained; RENT: SF-neighbourhood Zumper URL pattern worked first try. 2BR $5,100 and 3BR $7,950 came from the SAME page, same publisher — same-publisher rule satisfied. Page self-identified as 'Inner Sunset, San Francisco, CA' (1BR $4,825, all-bed average $4,345 as of Aug 2026). CRIME not fetched — batch brief listed this place as 'still needs: rent' only. District per batch instruction that SF neighbourhoods are all SFUSD (not a fetched page), so district_source is null."
102,Castro/Upper Market,San Francisco,SF neighbourhood,49.9,5.4,50.2,42.5,92.6,9.0,99.5,3547,5498,67% of 2BR stock,Plenty,13% of 3BR stock,Few,11.9,73.5,San Francisco Unified,50.1,7,San Francisco Unified,49.1,8,12.5,3.2,742454,22000,0.3,choice lottery,CONSTRAINED — oversubscribed schools allocate limited TK openings by tiebreakers plus random numbers; families join waitlists after assignment,Ranked,"DataSF SFPD incident reports 2025-07..2026-07, calibrated to the CrimeGrade scale; CAASPP 2025 (CDE); sfusd.edu","enrolment +0.3% 2023-25 (flat); choice/lottery assignment; TK constrained; Rents are apartments.com figures for the Castro sub-area of the Castro/Upper Market district. A zillow.com page indicated 2BR listings in Castro-Upper Market 'start at $4,751+', notably above the apartments.com average -- the apartments.com number is the recorded average, the Zillow figure is an entry point for its own inventory. listings_3br_total = 5 is the apartments.com count of 3BR units in Castro. No 2BR-filtered count appeared in a title (apartments.com showed 46 all-bedroom Castro rentals). No sub-$4,000 fi"
103,Burlingame,San Mateo,City,49.7,24.4,73.5,35.9,76.3,27.9,60.5,4150,5230,45% of 2BR stock,Some,17% of 3BR stock,Few,5.3,34.9,Burlingame Elementary,72.8,10,San Mateo Union High,62.0,9,22.2,15.2,355940,31386,3.7,address-based attendance area — but placement not guaranteed; capacity overflow to another district elementary,"Constrained — enrollment is first-come, first-served and ""placement of each student is subject to capacity at each school""; when a school reaches capacity in any grade level (TK–5), overflow students are placed at another district elementary. NOTE: this is grade-general language, not a TK-specific waitlist or lottery.",Ranked,"crimegrade.org; CAASPP 2025 (CDE); burlingameschools.org (read via search-result excerpt only — burlingameschools.org returned HTTP 403 to every direct fetch, including through a real browser session hitting a Cloudflare challenge; treat as lower-confidence than the districts read directly)","enrolment +3.7% 2023-25 (filling); address-based assignment; TK constrained; Complete row — all three standard URL patterns worked on first attempt. RENT: 2BR $4,150 and 3BR $5,230 from the SAME Zumper page (1BR $3,334); same-publisher rule satisfied. CRIME: violent 5.312 and property 34.93 from the two matching CrimeGrade pages (property URL: crimegrade.org/property-crime-burlingame-ca/). DISTRICT: classic California split — separate K-8 elementary district plus a union high school district. GreatSchools page confirmed 'Burlingame, CA, a city in San Mateo county' — note this is the Burling"
104,Sausalito,Marin,City,49.5,19.8,31.5,4.2,80.9,96.7,63.7,5544,9500,12% of 2BR stock,Few,0% of 3BR stock,Almost none,5.8,36.1,Sausalito Marin City,51.4,8,Sausalito Marin City,35.9,5,19.5,6.7,372079,7269,-17.4,,not established,Ranked,crimegrade.org; CAASPP 2025 (CDE); smcsd.org,"enrolment trend only; assignment system and TK position not established; enrolment -17.4% 2023-25 (seats opening); Zumper slug worked. 3BR ($9,500) came from the SAME page as the 2BR ($5,544) — it is a volatile small-market figure (page showed -29% MoM, +68% YoY on a thin listing count) but it is reported as-is per the same-publisher rule rather than swapped for another site's number. CrimeGrade property page broke the 36.14 into theft 22.13, vehicle theft 6.518, burglary 7.227, arson 0.2667. GreatSchools listed only Sausalito Marin City School District (K-8, based in Marin City) and named no high school district; the filtered "
105,Mountain View,Santa Clara,City,49.2,56.5,72.8,27.5,35.8,31.0,71.6,4587,5860,31% of 2BR stock,Some,9% of 3BR stock,Very few,3.3,27.8,Mountain View Whisman,61.3,9,Mountain View-Los Altos Union High,73.0,10,44.0,33.0,432577,82376,2.5,address-based attendance area,"Not TK-specific, and a seat in the district is guaranteed: ""Resident registrations are always welcome and placement is always guaranteed at one of our Union School District schools."" The home school is not guaranteed, however — ""If a grade level is closed, you can still register, and placement at another District school will be offered."" No TK waitlist or TK lottery stated.",Ranked,crimegrade.org; CAASPP 2025 (CDE); unionsd.org,"enrolment +2.5% 2023-25 (flat); address-based assignment; TK constrained; Clean run, all four fields from standard patterns. 2BR and 3BR from the same Zumper page. Worth flagging as a latent collision even though it resolved fine: California also has a Mountain View CDP in Contra Costa County, but at pop ~82,376 the Santa Clara city is unambiguously the canonical -ca slug target on all three publishers. Split-district case: Mountain View Whisman School District (K-8, 13 schools) for elementary, Mountain View-Los Altos Union High School District (9-12, 4 schools) for high school. The Grea"
106,Outer Richmond,San Francisco,SF neighbourhood,49.0,63.3,50.2,7.2,82.1,9.0,82.3,5945,7950,8% of 2BR stock,Very few,1% of 3BR stock,Almost none,3.3,20.9,San Francisco Unified,50.1,7,San Francisco Unified,49.1,8,19.3,5.6,567946,45000,0.3,choice lottery,CONSTRAINED — oversubscribed schools allocate limited TK openings by tiebreakers plus random numbers; families join waitlists after assignment,Ranked,"DataSF SFPD incident reports 2025-07..2026-07, calibrated to the CrimeGrade scale; CAASPP 2025 (CDE); sfusd.edu","enrolment +0.3% 2023-25 (flat); choice/lottery assignment; TK constrained; Rent: SF-neighbourhood Zumper pattern worked; 2BR and 3BR both read off that SAME page (1BR $4,097 also shown), so same-publisher rule satisfied. Caveat for the reader: that page claims rents 'increased by 86% since last year', which is implausible as a real market move and suggests a thin listing sample — figures are reported as published, not validated. Crime: both SF-neighbourhood CrimeGrade pages resolved and self-identified as Outer Richmond. District skipped per instructions (SF neighbourhood)."
107,Clayton,Contra Costa,City,48.8,79.2,30.0,73.1,34.2,42.9,33.5,2711,3595,92% of 2BR stock,Plenty,65% of 3BR stock,Plenty,3.1,13.6,Mt. Diablo Unified,44.4,6,Mt. Diablo Unified,42.6,7,45.9,26.9,198184,11070,0.4,address-based attendance area,"Constrained — ""TK locations are determined according to feeder pattern clusters,"" meaning TK is not hosted at every elementary school and a family's TK site may not be its home school.",Ranked,crimegrade.org; CAASPP 2025 (CDE); mdusd.org,"enrolment +0.4% 2023-25 (flat); address-based assignment; TK constrained; Cleanest place in the batch — all three standard URL patterns worked first try. Rent: Zumper page self-identified as Clayton, California; 2BR and 3BR from the SAME page (1BR $2,080, overall average $2,643). Crime: CrimeGrade violent page explicitly said 'Clayton, California (Contra Costa County)'; property page said Clayton, California. District: greatschools.org/california/clayton/ named Mt. Diablo Unified School District (K-12, based in Concord) as the serving district — a unified district, so the same name is re"
108,Marina,San Francisco,SF neighbourhood,48.8,14.3,50.2,37.7,94.4,9.0,87.0,3878,5373,54% of 2BR stock,Some,15% of 3BR stock,Few,6.4,60.9,San Francisco Unified,50.1,7,San Francisco Unified,49.1,8,10.0,2.4,653641,24000,0.3,choice lottery,CONSTRAINED — oversubscribed schools allocate limited TK openings by tiebreakers plus random numbers; families join waitlists after assignment,Ranked,"DataSF SFPD incident reports 2025-07..2026-07, calibrated to the CrimeGrade scale; CAASPP 2025 (CDE); sfusd.edu","enrolment +0.3% 2023-25 (flat); choice/lottery assignment; TK constrained; Batch listed Marina as needing crime only, so rent was NOT re-fetched — rent nulls here mean 'not collected in this run', not 'no data exists'. Crime: the documented SF-neighbourhood slug (violent-crime-marina-san-francisco-ca) 404'd, as did 'the-marina-' and 'marina-district-'. One WebSearch (the per-place cap) revealed the real slug doubles the city name: violent-crime-marina-san-francisco-san-francisco-ca. Both violent and property fetched directly from that pattern, same publisher. Explicitly did NOT substitute"
109,Concord,Contra Costa,City,48.8,53.9,30.0,81.1,40.9,42.9,43.7,2350,3595,97% of 2BR stock,Plenty,65% of 3BR stock,Plenty,3.8,22.5,Mt. Diablo Unified,44.4,6,Mt. Diablo Unified,42.6,7,40.7,23.5,272591,125410,0.4,address-based attendance area,"Constrained — ""TK locations are determined according to feeder pattern clusters,"" meaning TK is not hosted at every elementary school and a family's TK site may not be its home school.",Ranked,crimegrade.org; CAASPP 2025 (CDE); mdusd.org,"enrolment +0.4% 2023-25 (flat); address-based assignment; TK constrained; All four lookups hit on the documented patterns. Zumper 2BR and 3BR from one page (1BR $1,850), same-publisher rule satisfied. Property crime 22.54 from https://crimegrade.org/property-crime-concord-ca/, same publisher; the CrimeGrade page explicitly scopes the figure to 'the city's official boundaries'. GreatSchools confirmed Concord is in Contra Costa County (collision check - only one Concord in CA) and lists Mt. Diablo Unified as the K-12 district (55 schools, 30,163 students), so the same name fills both distr"
110,Potrero Hill,San Francisco,SF neighbourhood,48.6,36.4,50.2,5.4,93.5,9.0,96.7,6500,8206,4% of 2BR stock,Very few,1% of 3BR stock,Almost none,4.3,56.5,San Francisco Unified,50.1,7,San Francisco Unified,49.1,8,10.7,2.6,724747,15000,0.3,choice lottery,CONSTRAINED — oversubscribed schools allocate limited TK openings by tiebreakers plus random numbers; families join waitlists after assignment,Ranked,"DataSF SFPD incident reports 2025-07..2026-07, calibrated to the CrimeGrade scale; CAASPP 2025 (CDE); sfusd.edu","enrolment +0.3% 2023-25 (flat); choice/lottery assignment; TK constrained; CRIME = NULL. Tried both CrimeGrade slug forms and both 404'd: https://crimegrade.org/violent-crime-potrero-hill-san-francisco-ca/ and https://crimegrade.org/property-crime-potrero-hill-san-francisco-ca/ (404), then the shorter fallback https://crimegrade.org/violent-crime-potrero-hill-ca/ (404). Per instruction, did NOT substitute the citywide San Francisco figure. RENT not attempted this run — batch brief listed this place as 'still needs: crime' only, so rent was collected upstream; nulls here mean 'not fetched "
111,Brentwood,Contra Costa,City,47.3,84.8,38.0,89.8,14.4,33.6,23.3,2319,3250,97% of 2BR stock,Plenty,77% of 3BR stock,Plenty,2.7,12.5,Brentwood Union,51.1,8,Liberty Union High,44.2,7,61.3,39.2,122136,64292,5.9,address-based attendance area — but the district warns placement at your specific neighborhood school is not guaranteed,not established,Ranked,crimegrade.org; CAASPP 2025 (CDE); brentwood.k12.ca.us (page text surfaced via search; direct fetches of /page/attendance-boundaries and /o/busd/page/tk-kindergarten returned truncated bodies),"enrolment +5.9% 2023-25 (filling); address-based assignment; Complete. MAJOR COLLISION RISK, EXPLICITLY RESOLVED ON ALL THREE SOURCES - 'Brentwood, CA' is both this Contra Costa County city and an affluent Los Angeles neighbourhood, and the LA figures would be far higher. I verified each page independently. Rent: Zumper brentwood-ca page lists nearby cities 'Alamo, Antioch, Bay Point, Danville, Dublin, Livermore, Oakley, Pittsburg, Pleasant Hill, Pleasanton, San Ramon, Tracy' - unambiguously Contra Costa/East Bay, not LA. 2BR $2,319 and 3BR $3,250 BOTH from that same bedroom"
112,Portola,San Francisco,SF neighbourhood,47.3,15.4,50.2,33.5,85.1,9.0,90.2,4065,,48% of 2BR stock,Some,,,8.3,28.7,San Francisco Unified,50.1,7,San Francisco Unified,49.1,8,17.4,4.9,677914,17000,0.3,choice lottery,CONSTRAINED — oversubscribed schools allocate limited TK openings by tiebreakers plus random numbers; families join waitlists after assignment,Ranked,"DataSF SFPD incident reports 2025-07..2026-07, calibrated to the CrimeGrade scale; CAASPP 2025 (CDE); sfusd.edu; one bedroom count measured; the other converted at the 1.37x premium for comparability","enrolment +0.3% 2023-25 (flat); choice/lottery assignment; TK constrained; IN SCOPE THIS PASS: rent only. Rentable.co Portola page lists studio $2,787, 1BR $3,262, 2BR $4,065; no 3BR figure, so 3BR left null per the same-publisher rule. Page phrases figures as 'near Portola' — treat as neighborhood-area average. Zumper /rent-research/portola-san-francisco-ca fell through to the generic national landing page (slug does not exist); RentCafe's SF neighborhood page covers Portola but publishes no bedroom breakdown; apartments.com returned 403; rent.com neighborhood URL returned empty. Search "
113,Bay Point,Contra Costa,Unincorporated community,47.1,61.2,30.0,85.0,31.2,42.9,32.1,2350,3450,97% of 2BR stock,Plenty,70% of 3BR stock,Plenty,3.8,18.4,Mt. Diablo Unified,44.4,6,Mt. Diablo Unified,42.6,7,48.4,28.7,191230,25275,0.4,address-based attendance area,"Constrained — ""TK locations are determined according to feeder pattern clusters,"" meaning TK is not hosted at every elementary school and a family's TK site may not be its home school.",Ranked,crimegrade.org; CAASPP 2025 (CDE); mdusd.org,"enrolment +0.4% 2023-25 (flat); address-based assignment; TK constrained; Complete. Rent: Zumper CDP page confirmed 'Bay Point, CA'; 2BR $2,350 (last 30 days, +12% YoY) and 3BR $3,450 (+23% YoY) BOTH from the same bedroom-comparison table on that page - same-publisher rule satisfied. Crime: both CrimeGrade pages named Bay Point explicitly (violent 3.840; property 18.41). Property URL: https://crimegrade.org/property-crime-bay-point-ca/. District: GreatSchools /california/bay-point/ resolved correctly and confirmed Contra Costa County. Single UNIFIED district - Mt. Diablo Unified (K-12 & "
114,Outer Mission,San Francisco,SF neighbourhood,46.8,33.3,50.2,23.4,78.1,9.0,86.5,4300,6700,40% of 2BR stock,Some,3% of 3BR stock,Very few,7.7,17.0,San Francisco Unified,50.1,7,San Francisco Unified,49.1,8,21.6,6.4,647098,26000,0.3,choice lottery,CONSTRAINED — oversubscribed schools allocate limited TK openings by tiebreakers plus random numbers; families join waitlists after assignment,Ranked,"DataSF SFPD incident reports 2025-07..2026-07, calibrated to the CrimeGrade scale; CAASPP 2025 (CDE); sfusd.edu","enrolment +0.3% 2023-25 (flat); choice/lottery assignment; TK constrained; Batch listed this place as needing rent only; crime was not in scope this run, so crime fields are null (not a miss). Rent: the SF-neighbourhood Zumper pattern worked; page self-identified as 'Outer Mission, San Francisco, CA'. 2BR ($4,300) and 3BR ($6,700) came from the SAME page, same publisher (1BR $3,281 also shown). Note the page reports a 48% YoY jump on the all-unit median, so these figures may be volatile. District stated per the task's own instruction on SF neighbourhoods; district_source null as no page w"
115,South of Market,San Francisco,SF neighbourhood,46.7,0.0,50.2,25.7,97.2,9.0,98.1,4839,5795,25% of 2BR stock,Few,9% of 3BR stock,Very few,70.6,235.6,San Francisco Unified,50.1,7,San Francisco Unified,49.1,8,7.4,1.5,731670,19000,0.3,choice lottery,CONSTRAINED — oversubscribed schools allocate limited TK openings by tiebreakers plus random numbers; families join waitlists after assignment,Ranked,"DataSF SFPD incident reports 2025-07..2026-07, calibrated to the CrimeGrade scale; CAASPP 2025 (CDE); sfusd.edu","enrolment +0.3% 2023-25 (flat); choice/lottery assignment; TK constrained; Batch listed this place as needing crime only, so rent was not fetched this run — rent nulls here mean 'not attempted', not 'unavailable'. Crime: the SF-neighbourhood CrimeGrade slug pattern (violent-crime-{hood}-san-francisco-ca) worked on both the violent and property pages; both pages self-identified as 'South of Market, San Francisco, CA'. Violent 13.44/1k (assault 10.47, robbery 2.253), property 58.34/1k. District skipped per instructions — SF neighbourhoods are all San Francisco Unified."
116,Oakland,Alameda,City,46.6,16.2,13.6,65.9,78.8,20.0,85.1,2650,4070,93% of 2BR stock,Plenty,48% of 3BR stock,Some,7.7,28.8,Oakland Unified,32.9,4,Oakland Unified,27.6,3,20.9,6.7,596911,440646,-0.9,choice lottery,"Constrained, and the tightest grade in the district. ""The district has rapidly expanded full-day TK programs over the last three years, but we still operate only one TK class for every 2.5 kindergarten classes. As such, current demand for TK is outpacing available seats."" Also: ""TK spaces tend to be more limited than Kindergarten seats, and are not always able to accommodate all of the families residing in a neighborhood boundary.""",Ranked,crimegrade.org; CAASPP 2025 (CDE); ousd.org,"enrolment -0.9% 2023-25 (flat); choice/lottery assignment; TK constrained; Crime re-fetched from crimegrade.org for source consistency; the first pass had taken 16.85/60.23 from a security-camera vendor SEO page (eufy.com), roughly double CrimeGrade, which would have distorted the safety percentile. CRIME FIGURES ARE 2024 AND CONVERTED FROM PER-100,000: violent 1,925/100k -> 16.85/1k; property 7,230/100k -> 60.23/1k. These are materially stale — the 2025 property rate of 5,402/100k (54.02 per 1,000) is the more current figure and should probably be preferred. 2BR rent varies very widely b"
117,Russian Hill,San Francisco,SF neighbourhood,46.3,29.6,50.2,1.8,97.7,9.0,89.3,7495,10299,1% of 2BR stock,Almost none,0% of 3BR stock,Almost none,4.7,49.5,San Francisco Unified,50.1,7,San Francisco Unified,49.1,8,7.3,1.4,673789,18900,0.3,choice lottery,CONSTRAINED — oversubscribed schools allocate limited TK openings by tiebreakers plus random numbers; families join waitlists after assignment,Ranked,"? (3BR reconstructed from 2BR x 1.37); DataSF SFPD incident reports 2025-07..2026-07, calibrated to the CrimeGrade scale; CAASPP 2025 (CDE); sfusd.edu","enrolment +0.3% 2023-25 (flat); choice/lottery assignment; TK constrained; Only crime was requested. SF-neighbourhood CrimeGrade slug pattern worked first try: https://crimegrade.org/violent-crime-russian-hill-san-francisco-ca/ (10.82) and the /property-crime-russian-hill-san-francisco-ca/ equivalent (58.11) — both figures same publisher, both pages self-identified as 'Russian Hill, San Francisco, CA'. District skipped per instructions (SF neighbourhoods are all San Francisco Unified). Rent not requested, not fetched."
118,Visitacion Valley,San Francisco,SF neighbourhood,46.1,33.1,50.2,18.0,80.5,9.0,86.0,5051,6941,20% of 2BR stock,Few,2% of 3BR stock,Very few,8.7,16.2,San Francisco Unified,50.1,7,San Francisco Unified,49.1,8,19.9,5.8,646400,19000,0.3,choice lottery,CONSTRAINED — oversubscribed schools allocate limited TK openings by tiebreakers plus random numbers; families join waitlists after assignment,Ranked,"? (3BR reconstructed from 2BR x 1.37); DataSF SFPD incident reports 2025-07..2026-07, calibrated to the CrimeGrade scale; CAASPP 2025 (CDE); sfusd.edu","enrolment +0.3% 2023-25 (flat); choice/lottery assignment; TK constrained; TREAT BOTH RENT FIGURES WITH CAUTION - they are internally inconsistent and look radius-inflated. ApartmentHomeLiving gives 2BR $5,051 (range $3,593-$7,989) and 3BR $3,972 (range $1,692-$6,047), i.e. its 3BR average is BELOW its 2BR average, which cannot both be right for the same neighborhood. A separate unattributed figure of $4,750 for 2BR also appeared. For context, ApartmentList's all-bedroom median for Visitacion Valley is $3,350, and this is consistently described as one of SF's cheaper neighborhoods - so th"
119,Emeryville,Alameda,City,46.0,10.8,14.6,37.1,79.5,50.5,83.7,3917,5383,53% of 2BR stock,Some,14% of 3BR stock,Few,9.2,39.2,Emery Unified,37.5,5,Emery Unified,26.2,3,20.4,6.4,582114,12905,-0.3,,not established,Ranked,? (3BR reconstructed from 2BR x 1.37); crimegrade.org; CAASPP 2025 (CDE),"enrolment trend only; assignment system and TK position not established; enrolment -0.3% 2023-25 (flat); RENT CONFIRMED UNCHANGED. Re-fetched the Zumper Emeryville page; it verifiably reports 1BR $2,990, 2BR $3,917, 3BR $3,472 as of Aug 8 2026 data. The 3BR-under-2BR inversion that tripped the plausibility check is NOT a publisher-mixing error: both figures come from the same publisher and the same page, and the page is confirmed to be about Emeryville, California. Plausible cause is Emeryville's small, atypical rental stock — the 2BR average is dominated by new luxury mid-rises while the limited 3BR inventory is olde"
120,Haight Ashbury,San Francisco,SF neighbourhood,46.0,11.9,50.2,16.2,92.1,9.0,96.3,5203,7150,17% of 2BR stock,Few,2% of 3BR stock,Almost none,8.1,47.3,San Francisco Unified,50.1,7,San Francisco Unified,49.1,8,12.9,3.4,722720,17000,0.3,choice lottery,CONSTRAINED — oversubscribed schools allocate limited TK openings by tiebreakers plus random numbers; families join waitlists after assignment,Ranked,"? (3BR reconstructed from 2BR x 1.37); DataSF SFPD incident reports 2025-07..2026-07, calibrated to the CrimeGrade scale; CAASPP 2025 (CDE); sfusd.edu","enrolment +0.3% 2023-25 (flat); choice/lottery assignment; TK constrained; 2BR: search results reported a 2BR range of $3,950-$6,899 with an average of $5,203, alongside the Zumper 2-bed page title '27 Rentals'; a competing figure of $4,495 was stated as the average for a 2BR 'near Haight-Ashbury' (wider radius, not neighborhood-scoped). Zumper's own all-bedroom neighborhood average is $3,205 (down ~7% YoY), so the $5,203 2BR figure sits well above the all-bed average - treat as indicative. 3BR: $4,700 average came from the same aggregated snippet that carried the Zumper $3,205 all-bed fi"
121,Santa Rosa,Sonoma,City,45.9,56.0,13.1,88.0,15.8,75.7,26.5,2400,3297,97% of 2BR stock,Plenty,75% of 3BR stock,Plenty,4.4,16.9,Santa Rosa Elementary,28.6,3,Santa Rosa High,31.2,4,58.6,47.8,146010,178127,-0.6,address-based attendance area,not established,Ranked,crimegrade.org; CAASPP 2025 (CDE); srcschools.org,"enrolment -0.6% 2023-25 (flat); address-based assignment; Complete row. Verified Santa Rosa, CALIFORNIA (Sonoma County) on every page — not Santa Rosa, NM. RENT: 2BR $2,400 and 3BR $3,297 from the SAME Zumper page (1BR $1,895, all-bed median $2,372, down 1% YoY) — same-publisher rule satisfied. CRIME: violent 4.423, property 16.85 (crimegrade.org/property-crime-santa-rosa-ca/); note CrimeGrade itself flags wide intra-city variation (1 in 142 odds in north neighbourhoods vs 1 in 277 in the west), so this citywide figure hides real spread across a 178k-population city. DIST"
122,American Canyon,Napa,City,45.7,37.4,21.6,98.8,34.9,56.0,25.6,2100,2650,99% of 2BR stock,Plenty,93% of 3BR stock,Plenty,4.9,21.3,Napa Valley Unified,38.9,5,Napa Valley Unified,36.0,5,44.8,27.2,132362,21837,-2.0,address-based attendance area,"Constrained. The district TK page states: ""If your resident school is at capacity for TK and your child is placed at another campus, your child will automatically be enrolled at your school of residence for kindergarten."" TK seats at the home school can and do run out, with placement at another campus as the fallback.",Ranked,crimegrade.org; CAASPP 2025 (CDE); nvusd.org,"enrolment -2.0% 2023-25 (flat); address-based assignment; TK constrained; Rent: standard Zumper city pattern; 3BR from the same page as the 2BR. Crime: both CrimeGrade pages resolved and named American Canyon. District: single UNIFIED district - Napa Valley Unified (K-12, 28 schools, headquartered in Napa) serves American Canyon, so the same name goes in both fields. The district is headquartered in a different city, which is expected here and is not a case of borrowing a neighbouring place's figure."
123,Chinatown,San Francisco,SF neighbourhood,45.6,4.8,50.2,17.4,99.5,9.0,92.6,4471,7752,35% of 2BR stock,Some,1% of 3BR stock,Almost none,14.5,59.8,San Francisco Unified,50.1,7,San Francisco Unified,49.1,8,5.3,0.7,692946,14800,0.3,choice lottery,CONSTRAINED — oversubscribed schools allocate limited TK openings by tiebreakers plus random numbers; families join waitlists after assignment,Ranked,"DataSF SFPD incident reports 2025-07..2026-07, calibrated to the CrimeGrade scale; CAASPP 2025 (CDE); sfusd.edu","enrolment +0.3% 2023-25 (flat); choice/lottery assignment; TK constrained; Only crime was requested. Both CrimeGrade neighbourhood slugs 404'd: https://crimegrade.org/violent-crime-chinatown-san-francisco-ca/ and the property equivalent. Also tried https://crimegrade.org/violent-crime-chinatown-ca/ -> 404. Deliberately did NOT substitute the citywide San Francisco figure, per instructions. Crime left null. District skipped (SF neighbourhood = San Francisco Unified by definition)."
124,Pleasant Hill,Contra Costa,City,45.6,45.8,30.0,59.9,45.6,42.9,49.3,2926,4195,87% of 2BR stock,Plenty,43% of 3BR stock,Some,4.3,25.6,Mt. Diablo Unified,44.4,6,Mt. Diablo Unified,42.6,7,37.1,21.0,298129,34613,0.4,address-based attendance area,"Constrained — ""TK locations are determined according to feeder pattern clusters,"" meaning TK is not hosted at every elementary school and a family's TK site may not be its home school.",Ranked,crimegrade.org; CAASPP 2025 (CDE); mdusd.org,"enrolment +0.4% 2023-25 (flat); address-based assignment; TK constrained; Zumper slug worked; both figures same page. GreatSchools listed two entries: Mt. Diablo Unified School District (K-12, 55 schools, based in Concord) and 'Contra Costa County ROP School District' (9-12, 1 school). Per instructions the ROP entry was IGNORED — it is a career/technical regional program, not a residential attendance district — so the unified district name goes in both fields. CrimeGrade pages both confirmed Pleasant Hill, CA."
125,Rio Vista,Solano,City,45.4,26.8,85.9,100.0,16.3,35.2,7.9,1500,,100% of 2BR stock,Plenty,,,5.1,33.4,Union Elementary,75.2,10,Union Elementary,74.7,10,58.2,45.6,41413,10265,1.4,address-based attendance area,"Not TK-specific, and a seat in the district is guaranteed: ""Resident registrations are always welcome and placement is always guaranteed at one of our Union School District schools."" The home school is not guaranteed, however — ""If a grade level is closed, you can still register, and placement at another District school will be offered."" No TK waitlist or TK lottery stated.",Ranked,crimegrade.org; CAASPP 2025 (CDE); unionsd.org; one bedroom count measured; the other converted at the 1.37x premium for comparability,"enrolment +1.4% 2023-25 (flat); address-based assignment; TK constrained; Zumper /rent-research/rio-vista-ca redirects to a generic national index (no Rio Vista data). RentCafe has a real Rio Vista page but shows n/a - its Yardi Matrix feed only covers buildings with 50+ units. ApartmentList and ApartmentFinder both 403. rentable.co states the 2BR average as 'around $1,500 per month'. NOTE: a WebSearch snippet floated $1,314 (2BR) / $1,517 (3BR) from apartmentfinder.com, but that page 403'd so I could not verify it on a fetched page - deliberately NOT reported. IMPORTANT: crime and distr"
126,Fairfield,Solano,City,45.3,52.0,18.5,97.6,28.4,46.4,28.8,2000,3050,99% of 2BR stock,Plenty,83% of 3BR stock,Plenty,4.4,18.9,Fairfield-Suisun Unified,35.0,4,Fairfield-Suisun Unified,35.1,5,50.1,36.8,156946,119881,0.0,address-based attendance area,"Not TK-specific. District-wide overflow rule applies to any grade at capacity: a late-registered student ""could be temporarily 'overflowed' to a school outside of their own assigned resident zone school if the grade is at capacity,"" with a right to transfer back when space opens. No TK waitlist, TK lottery, or TK seat limit stated.",Ranked,"crimegrade.org; CAASPP 2025 (CDE); fairfieldsuisunusd.aeries.net (the district's own enrollment system, linked from fsusd.org as air.fsusd.org)","enrolment +0.0% 2023-25 (flat); address-based assignment; TK constrained; All standard city slugs worked; each page self-identified as Fairfield, CA and GreatSchools confirmed Solano County (guarding against the Fairfield place-name collision — Fairfield is a common US city name). 2BR and 3BR from the same Zumper page; property crime from the property-crime-fairfield-ca equivalent. DISTRICT CAVEAT: GreatSchools listed TWO unified districts serving the city — Fairfield-Suisun Unified (20,359 students, 34 schools) and Travis Unified (5,405 students, 10 schools, the Travis AFB area). I fill"
127,Dixon,Solano,City,44.8,70.1,5.6,93.4,9.8,83.3,6.5,2268,3100,98% of 2BR stock,Plenty,82% of 3BR stock,Plenty,3.2,18.2,Dixon Unified,29.4,3,Dixon Unified,27.1,3,66.4,54.6,32611,18988,-2.3,address-based attendance area,"Weak signal only, not TK-specific: enrollment page states ""If space is unavailable at their grade level, your student may be reassigned to another school."" No TK waitlist, TK lottery, or TK seat-count language appears on the page. Treat TK capacity as not established.",Ranked,crimegrade.org; CAASPP 2025 (CDE); dixonusd.org,"enrolment -2.3% 2023-25 (flat); address-based assignment; Rent: standard Zumper city pattern; 2BR and 3BR from the same page. Crime: both CrimeGrade pages resolved and explicitly confirmed Dixon, California - I checked the state because Dixon collides with Dixon IL and Dixon MO. District: single UNIFIED district (Dixon Unified, K-12, 7 schools, ~3,460 students), same name in both fields; no separate elementary or high-school district was listed."
128,Lakeshore,San Francisco,SF neighbourhood,44.7,5.8,50.2,43.7,74.9,9.0,84.7,3140,5650,81% of 2BR stock,Plenty,11% of 3BR stock,Few,10.0,92.2,San Francisco Unified,50.1,7,San Francisco Unified,49.1,8,23.4,7.0,586786,14000,0.3,choice lottery,CONSTRAINED — oversubscribed schools allocate limited TK openings by tiebreakers plus random numbers; families join waitlists after assignment,Ranked,"DataSF SFPD incident reports 2025-07..2026-07, calibrated to the CrimeGrade scale; CAASPP 2025 (CDE); sfusd.edu","enrolment +0.3% 2023-25 (flat); choice/lottery assignment; TK constrained; Complete. Rent: Zumper SF-neighbourhood pattern worked; page confirmed 'Lakeshore, San Francisco, CA', July 2026 data. 2BR ~$3,140 and 3BR ~$5,650 BOTH from that same page - same-publisher rule satisfied. Note the unusually wide 2BR-to-3BR spread (+80%); it is what the page states, not an artifact of mixing publishers. Crime: both CrimeGrade neighbourhood pages resolved and explicitly named Lakeshore (violent 6.486; property 40.08 - a high property figure, consistent with the Stonestown retail concentration). Prope"
129,Bernal Heights,San Francisco,SF neighbourhood,44.5,12.5,50.2,9.6,89.5,9.0,95.8,4795,8500,26% of 2BR stock,Few,0% of 3BR stock,Almost none,9.3,31.3,San Francisco Unified,50.1,7,San Francisco Unified,49.1,8,14.8,4.0,722090,25900,0.3,choice lottery,CONSTRAINED — oversubscribed schools allocate limited TK openings by tiebreakers plus random numbers; families join waitlists after assignment,Ranked,"DataSF SFPD incident reports 2025-07..2026-07, calibrated to the CrimeGrade scale; CAASPP 2025 (CDE); sfusd.edu","enrolment +0.3% 2023-25 (flat); choice/lottery assignment; TK constrained; SF-neighbourhood Zumper pattern worked: /rent-research/san-francisco-ca/bernal-heights. 2BR ($4,795) and 3BR ($8,500) came from the SAME page in the same fetch, satisfying the same-publisher rule. Flag for the reader: the 3BR is 77% above the 2BR, a much larger jump than a normal bedroom premium — Bernal Heights has very few 3BR rental listings, so that figure likely rests on a thin sample of large single-family homes. It is reported as seen, not smoothed. Crime: SF-neighbourhood slug form worked on both violent an"
130,Tenderloin,San Francisco,SF neighbourhood,44.4,0.8,50.2,10.8,98.1,9.0,97.2,6170,7000,6% of 2BR stock,Very few,2% of 3BR stock,Very few,57.9,112.4,San Francisco Unified,50.1,7,San Francisco Unified,49.1,8,7.1,1.4,725987,28000,0.3,choice lottery,CONSTRAINED — oversubscribed schools allocate limited TK openings by tiebreakers plus random numbers; families join waitlists after assignment,Ranked,"DataSF SFPD incident reports 2025-07..2026-07, calibrated to the CrimeGrade scale; CAASPP 2025 (CDE); sfusd.edu","enrolment +0.3% 2023-25 (flat); choice/lottery assignment; TK constrained; Rent: SF-neighbourhood Zumper pattern worked exactly (zumper.com/rent-research/san-francisco-ca/tenderloin); page self-identified as 'Tenderloin, San Francisco, CA'. 2BR and 3BR both from that one page (1BR $4,000 also shown), so same-publisher rule satisfied. Crime: BOTH crimegrade.org/violent-crime-tenderloin-san-francisco-ca/ and the property equivalent returned HTTP 404; a fallback attempt at crimegrade.org/violent-crime-tenderloin-ca/ also 404'd. Left null rather than substituting the citywide San Francisco fi"
131,Suisun City,Solano,City,44.2,47.1,18.5,95.2,29.3,46.4,28.4,2341,2950,97% of 2BR stock,Plenty,86% of 3BR stock,Plenty,5.1,16.5,Fairfield-Suisun Unified,35.0,4,Fairfield-Suisun Unified,35.1,5,49.5,36.1,155760,29518,0.0,address-based attendance area,"Not TK-specific. District-wide overflow rule applies to any grade at capacity: a late-registered student ""could be temporarily 'overflowed' to a school outside of their own assigned resident zone school if the grade is at capacity,"" with a right to transfer back when space opens. No TK waitlist, TK lottery, or TK seat limit stated.",Ranked,"crimegrade.org; CAASPP 2025 (CDE); fairfieldsuisunusd.aeries.net (the district's own enrollment system, linked from fsusd.org as air.fsusd.org)","enrolment +0.0% 2023-25 (flat); address-based assignment; TK constrained; Clean run — all three sources hit on the suisun-city-ca slug and every page self-identified as Suisun City. 2BR and 3BR from the same Zumper page. Collision note: kept distinct from the adjacent and larger city of Fairfield; no Fairfield figures were used. Single UNIFIED district (Fairfield-Suisun Unified, K-12, headquartered in Fairfield) serves K-12, so the same name is correctly repeated in both district fields."
132,Mission Bay,San Francisco,SF neighbourhood,44.1,6.2,50.2,7.8,96.7,9.0,94.4,6644,7032,3% of 2BR stock,Very few,2% of 3BR stock,Very few,14.3,50.5,San Francisco Unified,50.1,7,San Francisco Unified,49.1,8,8.3,1.8,712620,17000,0.3,choice lottery,CONSTRAINED — oversubscribed schools allocate limited TK openings by tiebreakers plus random numbers; families join waitlists after assignment,Ranked,"DataSF SFPD incident reports 2025-07..2026-07, calibrated to the CrimeGrade scale; CAASPP 2025 (CDE); sfusd.edu","enrolment +0.3% 2023-25 (flat); choice/lottery assignment; TK constrained; CRIME = NULL. Both CrimeGrade neighbourhood slugs 404'd: crimegrade.org/violent-crime-mission-bay-san-francisco-ca/ and the property equivalent, plus an alternate 'violent-crime-in-mission-bay-san-francisco-ca' form. Per instructions I did NOT substitute the citywide San Francisco figure. Did not attempt crimegrade.org/violent-crime-mission-bay-ca/ because that slug would collide with Mission Bay, San Diego. RENT not re-fetched — batch brief listed this place as 'still needs: crime' only, so rent is already held up"
133,Vacaville,Solano,City,44.0,57.1,22.5,95.8,18.1,48.1,22.3,2249,2975,98% of 2BR stock,Plenty,85% of 3BR stock,Plenty,3.7,20.9,Vacaville Unified,38.9,5,Vacaville Unified,36.1,5,57.3,44.6,113477,102386,-0.2,"address-based attendance area — ""All incoming students are assigned to their school of residence""; district provides a school locator tool and school boundary maps. A short list of schools/programs is boundary-exempt (Buckingham Charter, Ernest Kimme Charter, Sierra Vista K-8, Fairmont Elementary).","Widely available with a space caveat — ""TK is offered at all elementary schools in the Vacaville Unified School District"" (10 sites listed; Alamo is PM-class only and Fairmont is AM-class only). No waitlist or lottery, but ""Students are placed in schools on a space-available basis. If your school of residence is full at the time you enroll your child, your child may be 'overflowed' to another school within the District"" — an overflowed student is guaranteed a spot at the school of residence the following year.",Ranked,crimegrade.org; CAASPP 2025 (CDE); vacavilleusd.org,"enrolment -0.2% 2023-25 (flat); address-based assignment; TK constrained; Rent: standard Zumper city pattern; 3BR from the same page as the 2BR. Crime: both CrimeGrade pages resolved and named Vacaville. District: single UNIFIED district (Vacaville Unified, K-12, 19 schools, 13,503 students), so the same name is in both fields. The page also lists Travis Unified (Fairfield-based, 5,405 students) as serving part of the Vacaville area, so some addresses fall outside Vacaville Unified."
134,Larkfield-Wikiup,Sonoma,Unincorporated community,44.0,88.6,25.8,87.4,12.1,31.4,18.6,2400,3299,97% of 2BR stock,Plenty,75% of 3BR stock,Plenty,2.6,11.1,Mark West Union Elementary,49.5,7,Santa Rosa High,31.2,4,63.2,52.7,91668,8884,2.2,address-based attendance area,"Not TK-specific, and a seat in the district is guaranteed: ""Resident registrations are always welcome and placement is always guaranteed at one of our Union School District schools."" The home school is not guaranteed, however — ""If a grade level is closed, you can still register, and placement at another District school will be offered."" No TK waitlist or TK lottery stated.",Ranked,areavibes.com (modelled from demographics; place not in FBI UCR reporting); CAASPP 2025 (CDE); unionsd.org,"enrolment +2.2% 2023-25 (flat); address-based assignment; TK constrained; PASS-2 TARGETS WERE CRIME + DISTRICT; both resolved. CRIME CONVERTED: areavibes reports 2024 figures per 100,000 — violent 260/100k and property 1,112/100k — which I divided by 100 to get 2.60 and 11.12 per 1,000. Both figures are off the same areavibes page. IMPORTANT CAVEAT: that page states plainly that Larkfield-Wikiup is not covered by the FBI's uniform crime reporting program and that these are modeled estimates from demographics (income, poverty, education, population density), not reported counts — treat as"
135,Hayes Valley,San Francisco,SF neighbourhood,43.8,1.8,50.2,6.6,95.8,9.0,99.1,5954,8182,8% of 2BR stock,Very few,1% of 3BR stock,Almost none,20.2,147.9,San Francisco Unified,50.1,7,San Francisco Unified,49.1,8,9.6,2.2,739613,9500,0.3,choice lottery,CONSTRAINED — oversubscribed schools allocate limited TK openings by tiebreakers plus random numbers; families join waitlists after assignment,Ranked,"? (3BR reconstructed from 2BR x 1.37); DataSF SFPD incident reports 2025-07..2026-07, calibrated to the CrimeGrade scale; CAASPP 2025 (CDE); sfusd.edu","enrolment +0.3% 2023-25 (flat); choice/lottery assignment; TK constrained; CRIME NULL - VERIFIED MISS, not a lookup failure I gave up on. Tried both documented CrimeGrade slug forms: https://crimegrade.org/violent-crime-hayes-valley-san-francisco-ca/ and the property equivalent (both HTTP 404), then the bare form https://crimegrade.org/violent-crime-hayes-valley-ca/ (also 404). Per instructions I did NOT substitute the citywide San Francisco figure. Rent was not in scope for this run (batch listed 'still needs: crime' only), so rent fields are null here rather than carried over - I fetche"
136,Antioch,Contra Costa,City,43.7,49.0,0.0,97.0,19.5,66.2,30.7,2062,2995,99% of 2BR stock,Plenty,85% of 3BR stock,Plenty,4.4,20.7,Antioch Unified,21.5,1,Antioch Unified,20.0,1,56.3,35.2,182704,115291,1.1,address-based attendance area,not established,Ranked,crimegrade.org; CAASPP 2025 (CDE); antiochschools.net,"enrolment +1.1% 2023-25 (flat); address-based assignment; Zumper slug worked; both figures same page. GreatSchools listed Antioch Unified School District (K-12, 29 schools) and 'Contra Costa County Office Of Education School District' (based in Pleasant Hill). The County Office of Education entry was IGNORED per instructions — not a residential attendance district — leaving Antioch Unified as the K-12 unified district in both fields. CrimeGrade pages both confirmed Antioch, CA."
137,Half Moon Bay,San Mateo,City,43.3,43.6,23.7,21.0,48.4,98.8,24.2,4839,6500,25% of 2BR stock,Few,4% of 3BR stock,Very few,4.6,21.0,Cabrillo Unified,41.9,6,Cabrillo Unified,34.3,5,36.1,23.0,129025,11795,-8.0,address-based attendance area,not established,Ranked,crimegrade.org; CAASPP 2025 (CDE); cabrillo.us,"enrolment -8.0% 2023-25 (seats opening); address-based assignment; All four patterns worked first try. 2BR and 3BR from the same Zumper page. GreatSchools confirmed San Mateo County and showed a single K-12 unified district (Cabrillo Unified), so the same name is correctly placed in both district fields per instructions."
138,Petaluma,Sonoma,City,43.1,40.2,36.6,77.2,35.3,51.2,17.7,2597,3524,94% of 2BR stock,Plenty,67% of 3BR stock,Plenty,4.7,22.1,Petaluma City Elementary,44.7,6,Petaluma Joint Union High,47.7,8,44.5,33.0,87700,59776,2.3,address-based attendance area,not established,Ranked,crimegrade.org; CAASPP 2025 (CDE); petalumacityschools.org,"enrolment +2.3% 2023-25 (flat); address-based assignment; Complete, all four fetches clean. Zumper city pattern worked; 2BR ($2,597) and 3BR ($3,524) both from the SAME page (1BR $2,150). Both CrimeGrade pages resolved and named Petaluma explicitly; property from https://crimegrade.org/property-crime-petaluma-ca/. DISTRICT: this is a true split-district case. GreatSchools lists ten elementary districts touching Petaluma (Petaluma City Elementary, Old Adobe Union, Liberty, Dunham, Cinnabar, Laguna Joint, Waugh, Two Rock Union, Wilmar Union, Lincoln) plus one high school di"
139,Mission,San Francisco,SF neighbourhood,42.9,1.7,50.2,3.6,93.0,9.0,100.0,4097,11672,47% of 2BR stock,Some,0% of 3BR stock,Almost none,28.2,67.4,San Francisco Unified,50.1,7,San Francisco Unified,49.1,8,11.0,2.7,745157,58800,0.3,choice lottery,CONSTRAINED — oversubscribed schools allocate limited TK openings by tiebreakers plus random numbers; families join waitlists after assignment,Ranked,"DataSF SFPD incident reports 2025-07..2026-07, calibrated to the CrimeGrade scale; CAASPP 2025 (CDE); sfusd.edu","enrolment +0.3% 2023-25 (flat); choice/lottery assignment; TK constrained; Batch listed Mission as needing crime only, so rent was not re-fetched this run — rent nulls mean 'not collected by me', not 'unavailable'. Crime: SF-neighbourhood CrimeGrade slug pattern (violent-crime-mission-san-francisco-ca/ and property-crime-mission-san-francisco-ca/) both resolved and both pages self-identified as 'Mission, San Francisco, CA' — no citywide SF substitution. District skipped per instructions (SF neighbourhoods are all SFUSD); left null because I did not fetch a page confirming it."
140,Western Addition,San Francisco,SF neighbourhood,42.9,6.3,50.2,0.0,94.0,9.0,97.7,6760,13950,3% of 2BR stock,Very few,0% of 3BR stock,Almost none,13.9,58.4,San Francisco Unified,50.1,7,San Francisco Unified,49.1,8,10.3,2.4,727035,25000,0.3,choice lottery,CONSTRAINED — oversubscribed schools allocate limited TK openings by tiebreakers plus random numbers; families join waitlists after assignment,Ranked,"DataSF SFPD incident reports 2025-07..2026-07, calibrated to the CrimeGrade scale; CAASPP 2025 (CDE); sfusd.edu","enrolment +0.3% 2023-25 (flat); choice/lottery assignment; TK constrained; Rent: SF-neighbourhood Zumper pattern worked (/rent-research/san-francisco-ca/{hood-slug}). Both 2BR and 3BR from the SAME page and same bedroom-breakdown table. WARNING on the 3BR: $13,950 is an outlier — it exceeds the 4BR on the same table ($7,645) and the page itself states 'This report has limited data'. I re-fetched and confirmed the row is genuinely published with its own trend data ('3 bedroom Average rent $13,950 Last 30 days down 26%'), so I am reporting it as seen rather than suppressing it, but a carefu"
141,Financial District/South Beach,San Francisco,SF neighbourhood,42.8,1.3,50.2,4.8,100.0,9.0,91.2,6210,8534,6% of 2BR stock,Very few,0% of 3BR stock,Almost none,27.7,134.7,San Francisco Unified,50.1,7,San Francisco Unified,49.1,8,4.0,0.3,688223,19000,0.3,choice lottery,CONSTRAINED — oversubscribed schools allocate limited TK openings by tiebreakers plus random numbers; families join waitlists after assignment,Ranked,"? (3BR reconstructed from 2BR x 1.37); DataSF SFPD incident reports 2025-07..2026-07, calibrated to the CrimeGrade scale; CAASPP 2025 (CDE); sfusd.edu","enrolment +0.3% 2023-25 (flat); choice/lottery assignment; TK constrained; CRIME: CONFIRMED UNCHANGED, both figures re-fetched this run. crimegrade.org/violent-crime-financial-district-san-francisco-ca/ states verbatim 'The violent crime rate in Financial District is 26.95 per 1,000 residents in a typical year' (grade F), and its breakdown table sums to it exactly: assault 21.82 + robbery 4.413 + rape 0.5477 + murder 0.1767 = 26.96. crimegrade.org/property-crime-financial-district-san-francisco-ca/ states 'The property crime rate in Financial District is 135.3 per 1,000 residents in a typ"
142,North Beach,San Francisco,SF neighbourhood,42.6,5.0,50.2,2.4,99.1,9.0,89.8,7818,9495,1% of 2BR stock,Almost none,0% of 3BR stock,Almost none,14.1,62.0,San Francisco Unified,50.1,7,San Francisco Unified,49.1,8,5.9,0.9,677310,13000,0.3,choice lottery,CONSTRAINED — oversubscribed schools allocate limited TK openings by tiebreakers plus random numbers; families join waitlists after assignment,Ranked,"DataSF SFPD incident reports 2025-07..2026-07, calibrated to the CrimeGrade scale; CAASPP 2025 (CDE); sfusd.edu","enrolment +0.3% 2023-25 (flat); choice/lottery assignment; TK constrained; Rent: Zumper SF-neighbourhood URL pattern worked; 2BR and 3BR both from that single page. Crime: the neighbourhood slug form https://crimegrade.org/violent-crime-north-beach-san-francisco-ca/ and its property-crime equivalent both resolved and are explicitly about North Beach, San Francisco - no citywide SF substitution was needed or used. DISTRICT CAVEAT: per the task instruction, district lookup is skipped for SF neighbourhoods because they are all San Francisco Unified; the district names here come from that ins"
143,Treasure Island,San Francisco,SF neighbourhood,42.3,5.9,50.2,10.2,95.3,9.0,83.3,5579,,12% of 2BR stock,Few,,,14.9,49.9,San Francisco Unified,50.1,7,San Francisco Unified,49.1,8,9.8,2.3,580372,2500,0.3,choice lottery,CONSTRAINED — oversubscribed schools allocate limited TK openings by tiebreakers plus random numbers; families join waitlists after assignment,Ranked,"DataSF SFPD incident reports 2025-07..2026-07, calibrated to the CrimeGrade scale; CAASPP 2025 (CDE); sfusd.edu; one bedroom count measured; the other converted at the 1.37x premium for comparability","enrolment +0.3% 2023-25 (flat); choice/lottery assignment; TK constrained; PASS-2 TARGET WAS RENT; GENUINELY UNRESOLVED, and this is a different failure from the small-CDP case. Treasure Island does have rentals — RentCafe's listings page for the neighborhood carries per-bedroom ASKING RANGES (2BR $4,999-$11,047; 3BR $4,075-$10,299) plus an all-unit-type average of $2,616. A range is not a median and its midpoint would be an invented number, so I left both fields null rather than compute one. The $2,616 all-bedroom average is also plainly inconsistent with those ranges (the island mixes d"
144,Sebastopol,Sonoma,City,42.2,55.0,59.2,86.8,15.3,21.2,15.8,2536,3250,95% of 2BR stock,Plenty,77% of 3BR stock,Plenty,4.2,19.4,Sebastopol Union Elementary,48.5,7,West Sonoma County Union High,51.5,8,58.8,48.0,75168,7521,10.2,,not established,Ranked,crimegrade.org; CAASPP 2025 (CDE),"enrolment trend only; assignment system and TK position not established; enrolment +10.2% 2023-25 (filling); RENT: standard Zumper city pattern; page confirmed Sebastopol, CA, updated 2026-08-08. 2BR $2,536 and 3BR $3,250 both from the SAME page and same publisher. CAVEAT: the page is internally inconsistent — its detailed table gives 1BR $1,999 / 2BR $2,536 / 3BR $3,250 while its prose says '1-bedroom apartments run $2,000 on average, while 2-bedroom apartments are $2,200'. I took both bedroom figures from the table so the pair stays same-page and same-basis; had I taken the prose 2BR $2,200 with the table 3BR the compar"
145,Bayview Hunters Point,San Francisco,SF neighbourhood,42.0,3.1,50.2,15.6,86.5,9.0,87.4,4495,7950,34% of 2BR stock,Some,1% of 3BR stock,Almost none,20.1,66.5,San Francisco Unified,50.1,7,San Francisco Unified,49.1,8,16.3,4.6,655817,37700,0.3,choice lottery,CONSTRAINED — oversubscribed schools allocate limited TK openings by tiebreakers plus random numbers; families join waitlists after assignment,Ranked,"DataSF SFPD incident reports 2025-07..2026-07, calibrated to the CrimeGrade scale; CAASPP 2025 (CDE); sfusd.edu","enrolment +0.3% 2023-25 (flat); choice/lottery assignment; TK constrained; Only rent was requested. The full-name slug .../san-francisco-ca/bayview-hunters-point did NOT resolve — it fell through to Zumper's generic US/Canada national trends page, and I rejected everything on it (that page shows only city-level medians like New York $4,493 / San Francisco $4,295, no Bayview figures). The shortened slug .../san-francisco-ca/bayview returned a real neighbourhood page titled 'Bayview, San Francisco, CA' with 1BR $2,800, 2BR $4,495, 3BR $7,950, overall median $4,397/mo (Aug 2026). 2BR and 3BR"
146,Novato,Marin,City,41.9,52.3,37.3,53.3,50.0,37.4,21.4,3072,4725,83% of 2BR stock,Plenty,28% of 3BR stock,Few,4.5,17.9,Novato Unified,48.6,7,Novato Unified,46.0,7,35.6,23.6,103727,53225,2.5,,not established,Ranked,crimegrade.org; CAASPP 2025 (CDE),"enrolment trend only; assignment system and TK position not established; enrolment +2.5% 2023-25 (flat); RENT: standard Zumper city pattern; page confirmed Novato, CA, updated 2026-08-09. 2BR $3,072 and 3BR $4,725 from the SAME page (1BR $2,645). Page notes rents down 3% month-over-month and down 6% year-over-year. CRIME: violent 4.495 from the URL above, property 17.91 from https://crimegrade.org/property-crime-novato-ca/ (graded D+) — same publisher, place confirmed on both. DISTRICT: https://www.greatschools.org/california/novato/ names exactly one district, Novato Unified School District, Grades K-12, 17 schools —"
147,Sonoma,Sonoma,City,41.5,56.4,7.3,68.9,23.3,78.3,14.9,2750,3799,91% of 2BR stock,Plenty,57% of 3BR stock,Some,4.5,16.3,Sonoma Valley Unified,29.3,3,Sonoma Valley Unified,28.1,3,54.7,34.5,65465,10739,-3.8,,not established,Ranked,crimegrade.org; CAASPP 2025 (CDE),"enrolment trend only; assignment system and TK position not established; enrolment -3.8% 2023-25 (seats opening); CITY vs COUNTY COLLISION - explicitly checked on every page, since 'sonoma-ca' could resolve to either the city (pop ~10,739) or Sonoma County (pop ~485k). Zumper page confirmed CITY of Sonoma. Both CrimeGrade pages state 'The grade covers only Sonoma's official city boundaries', confirming city scope, not county. GreatSchools states 'Sonoma is a city in Sonoma county, California'. All three sources are the city - no county figure leaked in. Zumper 2BR and 3BR from one page (1BR $2,024), same-publisher rule satisfi"
148,Morgan Hill,Santa Clara,City,41.1,74.0,27.9,61.1,6.0,62.1,15.3,2845,4200,89% of 2BR stock,Plenty,43% of 3BR stock,Some,3.5,12.7,Morgan Hill Unified,40.5,6,Morgan Hill Unified,41.9,6,75.8,61.3,71663,45952,-2.5,"address-based attendance area — ""school of residence""","Constrained — TK is hosted at designated sites, not necessarily your home school: ""Students attending TK are already enrolled for kindergarten at their school of residence, regardless of where they attend our TK program."" TK transfers are capacity-gated: ""We will only accept TK transfer requests for TK students with siblings at the requested school and only if there is capacity.""",Ranked,crimegrade.org; CAASPP 2025 (CDE); mhusd.org,"enrolment -2.5% 2023-25 (flat); address-based assignment; TK constrained; Complete. Rent: Zumper city page confirmed 'Morgan Hill, California', current as of 2026-08-08. 2BR $2,845 and 3BR $4,200 BOTH from that same page (average rent, last 30 days) - same-publisher rule satisfied. Crime: both CrimeGrade pages named Morgan Hill explicitly (violent 3.546 from the 'Violent Crime per Capita in Morgan Hill' section; property 12.73). Property URL: https://crimegrade.org/property-crime-morgan-hill-ca/. FLAG FOR THE COMPILER: the property figure 12.73 is numerically identical to Portola Valley'"
149,Bethel Island,Contra Costa,Unincorporated community,41.0,26.8,25.1,98.2,9.3,70.0,16.3,1995,3000,99% of 2BR stock,Plenty,85% of 3BR stock,Plenty,5.8,23.2,Oakley Union Elementary,35.2,4,Liberty Union High,44.2,7,66.9,43.8,75550,2137,-3.2,"address-based attendance area — ""If you are unsure which school is your school of residence, you can utilize our interactive attendance boundary map on our District website""; enrollment requires two proofs of residence","Widely available — ""Transitional Kindergarten is available for all students who have turned 4 years of age by September 1, 2026""; TK enrollment is at the school of residence and no waitlist, lottery, or limited-seat language appears on the TK page",Ranked,crimegrade.org; CAASPP 2025 (CDE); ouesd.k12.ca.us,"enrolment -3.2% 2023-25 (seats opening); address-based assignment; TK constrained; District URL: https://en.wikipedia.org/wiki/Oakley_Union_Elementary_School_District . The district page names Bethel Island explicitly (""all of Bethel Island""), which is stronger evidence than a place-page lookup. Contra Costa County confirmed. Both district names carry neighbouring towns' names (Oakley, Brentwood), which is expected and correct for an unincorporated island community. Rent and crime were not in scope for this pass — those nulls are placeholders, do not overwrite pass-1 values."
150,St. Helena,Napa,City,40.0,10.7,63.6,72.5,6.5,81.7,5.1,2449,3900,96% of 2BR stock,Plenty,54% of 3BR stock,Some,9.6,35.4,Saint Helena Unified,62.8,9,Saint Helena Unified,42.5,7,74.4,49.2,28778,5438,-4.3,,not established,Ranked,crimegrade.org; CAASPP 2025 (CDE),"enrolment trend only; assignment system and TK position not established; enrolment -4.3% 2023-25 (seats opening); SLUG VARIANT MATTERED - the punctuation in 'St. Helena' makes the three sources disagree on slug form. RENT: the documented 'st-helena-ca' slug served Zumper's generic fallback page; retrying with 'saint-helena-ca' returned a real St. Helena page, and 2BR $2,449 / 3BR $3,900 both came off that ONE page (1BR $1,949), so the same-publisher rule is satisfied. RentCafe was also tried and reports 'n/a' for this city, so Zumper is the only usable rent source. CRIME: 'st-helena-ca' is the correct CrimeGrade form; property"
151,Cotati,Sonoma,City,39.0,53.5,17.6,88.6,27.4,26.9,20.0,2400,3275,97% of 2BR stock,Plenty,76% of 3BR stock,Plenty,4.8,13.3,Cotati-Rohnert Park Unified,35.5,5,Cotati-Rohnert Park Unified,33.9,4,51.7,40.6,99168,7584,3.9,address-based attendance area — with an intra-district school-choice option at TK/K,"Constrained — TK/K families may choose their school, and ""If a school is full, a lottery will take place.""",Ranked,crimegrade.org; CAASPP 2025 (CDE); crpusd.org,"enrolment +3.9% 2023-25 (filling); address-based assignment; TK constrained; Clean run — all four fields from the standard URL patterns, no collisions (Cotati is a unique place name). 2BR and 3BR from the same Zumper page. Crime from both CrimeGrade pages. District: GreatSchools confirmed Cotati is 'a city in Sonoma county, California' and lists one K-12 UNIFIED district, Cotati-Rohnert Park Unified (14 schools, 6,798 students); the same name is correctly placed in both fields. The district name includes neighbouring Rohnert Park because the district genuinely spans both cities — this is th"
152,Rohnert Park,Sonoma,City,38.8,55.0,17.6,84.4,27.0,26.9,21.9,2303,3500,98% of 2BR stock,Plenty,68% of 3BR stock,Plenty,4.6,15.7,Cotati-Rohnert Park Unified,35.5,5,Cotati-Rohnert Park Unified,33.9,4,52.3,41.1,105405,44390,3.9,address-based attendance area — with an intra-district school-choice option at TK/K,"Constrained — TK/K families may choose their school, and ""If a school is full, a lottery will take place.""",Ranked,crimegrade.org; CAASPP 2025 (CDE); crpusd.org,"enrolment +3.9% 2023-25 (filling); address-based assignment; TK constrained; Complete, all four fetches clean. Zumper city pattern worked (data as of Aug 9 2026); 2BR ($2,303) and 3BR ($3,500) both from the SAME page (1BR $1,772). The same page's prose quoted $1,795/$2,297; I used the breakdown table consistently. Both CrimeGrade pages resolved and named Rohnert Park explicitly; property from https://crimegrade.org/property-crime-rohnert-park-ca/. DISTRICT: GreatSchools listed two entries — Cotati-Rohnert Park Unified (K-12, HQ in Rohnert Park) and Harmony Union Elementary. I REJECTED Harmo"
153,Gilroy,Santa Clara,City,38.2,71.7,20.2,69.5,3.3,53.8,10.7,2641,3795,93% of 2BR stock,Plenty,57% of 3BR stock,Some,3.9,11.2,Gilroy Unified,38.3,5,Gilroy Unified,34.9,5,86.7,70.9,56728,59520,-1.8,address-based attendance area,"Widely available — TK is offered ""At all elementary schools."" The only waitlist is for the optional Dual Immersion TK strand at Glen View Elementary: ""Students that are not placed in the Dual Immersion TK program will be assigned to a waiting list.""",Ranked,crimegrade.org; CAASPP 2025 (CDE); gilroyunified.org,"enrolment -1.8% 2023-25 (flat); address-based assignment; TK constrained; Cleanest row in the batch — all three standard city slugs worked first try and every page self-identified as Gilroy, CA (GreatSchools confirmed Santa Clara County). 2BR and 3BR from the same Zumper page; property crime from the property-crime-gilroy-ca equivalent. GreatSchools showed a single K-12 unified district (10,768 students, 17 schools), so the same name fills both district fields."
154,Windsor,Sonoma,Town,37.5,56.4,15.0,92.2,8.8,40.5,12.1,2250,3200,98% of 2BR stock,Plenty,79% of 3BR stock,Plenty,4.6,15.1,Windsor Unified,27.9,3,Windsor Unified,37.5,6,67.1,56.8,62587,26344,2.0,,not established,Ranked,crimegrade.org; CAASPP 2025 (CDE),"enrolment trend only; assignment system and TK position not established; enrolment +2.0% 2023-25 (flat); All three patterns worked first try. COLLISION CHECK: 'Windsor' exists in Ontario, Colorado and the UK — the CrimeGrade violent page explicitly stated 'Windsor, California (Sonoma County)', and the Zumper page said Windsor, California, so the right place is confirmed on both. Rent 2BR and 3BR from the SAME Zumper page (1BR $1,980; note the page's headline median of $2,895 is higher than the 2BR figure because it spans all unit types). District: greatschools.org/california/windsor/ named Windsor Unified School Distr"
155,San Martin,Santa Clara,Unincorporated community,37.4,57.8,27.9,62.3,4.7,62.1,9.3,2664,4302,93% of 2BR stock,Plenty,40% of 3BR stock,Some,4.3,17.5,Morgan Hill Unified,40.5,6,Morgan Hill Unified,41.9,6,80.3,65.3,54854,7027,-2.5,"address-based attendance area — ""school of residence""","Constrained — TK is hosted at designated sites, not necessarily your home school: ""Students attending TK are already enrolled for kindergarten at their school of residence, regardless of where they attend our TK program."" TK transfers are capacity-gated: ""We will only accept TK transfer requests for TK students with siblings at the requested school and only if there is capacity.""",Ranked,crimegrade.org; CAASPP 2025 (CDE); mhusd.org,"enrolment -2.5% 2023-25 (flat); address-based assignment; TK constrained; Complete row. RENT: Zumper served a real page for this CDP; 2BR ($2,664) and 3BR ($4,302) both from the SAME page. STRONG CAVEAT on rent reliability — that same page states prices 'increased by 71% over the last month and 181% since last year', which is a thin-sample artifact for a 7,027-person unincorporated community, not a real market move; the levels are reported as published but should be treated as low-confidence. CRIME: both CrimeGrade pages resolved and named San Martin, CA. DISTRICT: the GreatSchools page "
156,Guerneville,Sonoma,Unincorporated community,36.8,29.4,5.2,85.6,0.5,96.7,3.3,2499,3299,95% of 2BR stock,Plenty,75% of 3BR stock,Plenty,6.5,20.2,Guerneville Elementary,27.6,3,Guerneville Elementary,27.3,3,103.5,59.0,20323,4534,-21.8,,not established,Ranked,crimegrade.org; CAASPP 2025 (CDE),"enrolment trend only; assignment system and TK position not established; enrolment -21.8% 2023-25 (seats opening); Rent: Zumper pattern worked; page self-identified as Guerneville, California; 2BR and 3BR from the SAME page (1BR $1,950, overall average $2,450). Crime: both CrimeGrade pages resolved and self-identified as Guerneville, CA. District: greatschools.org/california/guerneville/ named Guerneville Elementary School District (398 students, 3 schools) and no other district. High school district left NULL — the city page named none, and a follow-up fetch of greatschools.org/california/guerneville/schools/?gradeLevels=h ret"
157,East Palo Alto,San Mateo,City,36.5,43.7,15.5,12.0,48.8,34.3,64.7,5540,7230,12% of 2BR stock,Few,2% of 3BR stock,Almost none,5.2,17.8,Ravenswood City Elementary,8.8,1,Sequoia Union High,57.2,9,36.0,26.5,374184,30034,-2.9,"choice lottery — address does not fix an elementary school: ""Elementary students (grades TK-5) can choose from any of our three elementary schools"" (all middle schoolers attend the single Ravenswood Middle School). Note: the page describes family choice but does not spell out a lottery mechanism or any attendance boundaries.",not established,Ranked,crimegrade.org; CAASPP 2025 (CDE); ravenswoodschools.org,"enrolment -2.9% 2023-25 (flat); choice/lottery assignment; Complete, but TREAT RENT WITH CAUTION. Zumper city page confirmed 'East Palo Alto, California', August 2026. 2BR $5,540 and 3BR $7,230 BOTH from that same page - same-publisher rule satisfied. However the page's own volatility flags are extreme and suggest a thin listing sample: 2BR 'No Change' over 30 days but +76% year-over-year, and 3BR -52% month-over-month. These figures are reported as published but are likely unstable; a downstream ranking should not treat East Palo Alto as the most expensive place in this b"
158,Healdsburg,Sonoma,City,36.1,32.1,59.6,79.0,7.0,31.9,7.0,2695,3395,92% of 2BR stock,Plenty,72% of 3BR stock,Plenty,5.0,25.8,Healdsburg Unified,56.8,8,Healdsburg Unified,43.7,7,72.0,61.9,33312,11340,3.5,,not established,Ranked,crimegrade.org; CAASPP 2025 (CDE),"enrolment trend only; assignment system and TK position not established; enrolment +3.5% 2023-25 (filling); RENT: standard Zumper city pattern; page confirmed Healdsburg, CA, updated 2026-08-09. 2BR $2,695 and 3BR $3,395 from the SAME page (1BR $2,070). The page also shows an all-property-types median of $4,200 described as 118% above the national average — that median is NOT a bedroom figure and was not used for either field. CRIME: violent 5.007 and property 25.76 from https://crimegrade.org/property-crime-healdsburg-ca/ — same publisher, place confirmed on both. DISTRICT: https://www.greatschools.org/california/healds"
159,Napa,Napa,City,36.1,25.6,21.6,73.7,20.0,56.0,19.5,2650,3650,93% of 2BR stock,Plenty,63% of 3BR stock,Plenty,5.9,23.7,Napa Valley Unified,38.9,5,Napa Valley Unified,36.0,5,55.5,35.2,97564,79246,-2.0,address-based attendance area,"Constrained. The district TK page states: ""If your resident school is at capacity for TK and your child is placed at another campus, your child will automatically be enrolled at your school of residence for kindergarten."" TK seats at the home school can and do run out, with placement at another campus as the fallback.",Ranked,crimegrade.org; CAASPP 2025 (CDE); nvusd.org,"enrolment -2.0% 2023-25 (flat); address-based assignment; TK constrained; All three standard city slugs worked. Verified each page was the CITY of Napa, not Napa County — the city/county name collision was the risk here and all three pages self-identified as the city. 2BR and 3BR from the same Zumper page; property crime from the property-crime-napa-ca equivalent. GreatSchools showed one K-12 unified district (County Office of Education and ROP entries ignored per instruction), so the same name fills both fields."
160,Crockett,Contra Costa,Unincorporated community,34.3,25.6,2.1,78.4,39.1,24.5,36.3,2595,3499,94% of 2BR stock,Plenty,68% of 3BR stock,Plenty,6.0,23.6,John Swett Unified,22.6,1,John Swett Unified,28.3,3,41.6,20.3,220096,3268,5.5,,not established,Ranked,crimegrade.org; CAASPP 2025 (CDE),"enrolment trend only; assignment system and TK position not established; enrolment +5.5% 2023-25 (filling); Clean run despite being a small CDP (~3,268) — Zumper did have a real Crockett page, unlike the other small places in this batch. 2BR and 3BR both from that same page's bedroom comparison table (both labelled 'last 30 days'). Crime from the matched CrimeGrade pair (property: https://crimegrade.org/property-crime-crockett-ca/). District: this is the unincorporated-community case the brief warned about — the serving district carries a neighbouring town's name and is headquartered in Rodeo, CA, but John Swett Unified "
161,Cloverdale,Sonoma,City,33.3,36.1,0.9,91.6,2.8,67.4,0.9,2100,3395,99% of 2BR stock,Plenty,72% of 3BR stock,Plenty,5.6,19.6,Cloverdale Unified,23.4,2,Cloverdale Unified,21.7,2,86.8,77.5,9539,8995,-1.6,,not established,Ranked,crimegrade.org; CAASPP 2025 (CDE),"enrolment trend only; assignment system and TK position not established; enrolment -1.6% 2023-25 (flat); Zumper slug worked; 2BR and 3BR from the same page. Data oddity worth flagging to a careful reader: the same page showed 1BR at $2,200 and 2BR at $2,100, i.e. the 2BR is slightly CHEAPER than the 1BR — a thin-inventory artifact in a small Sonoma County market. The 2BR/3BR pair used here is internally consistent ($2,100 -> $3,395) and both come from that one page, so no cross-publisher mixing was done. Single UNIFIED district (Cloverdale Unified, K-12, 5 schools, 1,303 students) covers both fields. CrimeGrade pages "
162,Calistoga,Napa,City,31.9,16.9,20.7,76.0,3.7,68.6,5.6,2524,3672,95% of 2BR stock,Plenty,62% of 3BR stock,Plenty,7.4,29.2,Calistoga Joint Unified,39.0,5,Calistoga Joint Unified,35.4,5,82.3,55.1,29728,5228,-1.7,,not established,Ranked,"crimegrade.org; CAASPP 2025 (CDE); calistogajusd.asp.aeries.net (loaded, but carried neither fact)","enrolment trend only; assignment system and TK position not established; enrolment -1.7% 2023-25 (flat); All three data types found via standard patterns; 2BR and 3BR from the same Zumper page. Volatility caveat worth flagging: the Zumper page stated rents 'increased by 82% since last year' in this small city, so the levels may be sample-thin — reported as-seen. Crime is the highest in this batch on both measures. GreatSchools confirmed 'Calistoga is a city in Napa county' and showed one K-12 unified district, so Calistoga Joint Unified SD is entered in both district fields per the unified rule."
163,Yountville,Napa,Town,29.7,7.9,21.6,74.9,10.2,56.0,7.4,2750,3500,91% of 2BR stock,Plenty,68% of 3BR stock,Plenty,22.5,31.5,Napa Valley Unified,38.9,5,Napa Valley Unified,36.0,5,64.6,41.9,38163,2933,-2.0,address-based attendance area,"Constrained. The district TK page states: ""If your resident school is at capacity for TK and your child is placed at another campus, your child will automatically be enrolled at your school of residence for kindergarten."" TK seats at the home school can and do run out, with placement at another campus as the fallback.",Ranked,crimegrade.org; CAASPP 2025 (CDE); nvusd.org,"enrolment -2.0% 2023-25 (flat); address-based assignment; TK constrained; Zumper town pattern worked; 2BR ($2,750) and 3BR ($3,500) both from the SAME page (1BR $2,100, data updated Aug 8 2026). Caveat on rent volatility: the page itself says prices rose 15% in the last month and fell 21% year-over-year, so this tiny market's figures are noisy. CRIME: both CrimeGrade pages resolved and named Yountville explicitly (violent 22.51, property 31.50 from https://crimegrade.org/property-crime-yountville-ca/). The violent rate is strikingly high for a 2,900-person town — plausibly an artifact of"
,Acalanes Ridge,Contra Costa,Unincorporated community,,,81.5,53.9,53.7,40.5,52.1,2995,4800,85% of 2BR stock,Plenty,26% of 3BR stock,Few,,,Walnut Creek Elementary,70.2,10,Acalanes Union High,73.2,10,33.8,18.8,313552,1137,2.0,,not established,"Not ranked - no data for crime (unincorporated, policed by Contra Costa County Sheriff - no place-level rate published; areavibes returns an explicit n/a for both violent and property. Rent was NOT in my pass-2 scope - do not overwrite pass-1 values)",CAASPP 2025 (CDE),"enrolment trend only; assignment system and TK position not established; enrolment +2.0% 2023-25 (flat); DISTRICT RESOLVED. https://en.wikipedia.org/wiki/Acalanes_Ridge,_California, Education section, verbatim: 'Most of Acalanes Ridge is in the Walnut Creek Elementary School District while some is in the Lafayette Elementary School District. All of Acalanes Ridge is in the Acalanes Union High School District.' Split elementary - Lafayette Elementary School District serves part. High school is unambiguous. County confirmed Contra Costa. CRIME - this is the cleanest no-data case in the batch: areavibes shows n/a for BOT"
,Alum Rock,Santa Clara,Unincorporated community,,62.1,19.5,,20.9,82.6,69.8,,,,,,,4.0,17.3,Alum Rock Union Elementary,25.3,2,East Side Union High,47.8,8,55.3,42.9,414214,13479,-5.8,address-based attendance area,"Not TK-specific, and a seat in the district is guaranteed: ""Resident registrations are always welcome and placement is always guaranteed at one of our Union School District schools."" The home school is not guaranteed, however — ""If a grade level is closed, you can still register, and placement at another District school will be offered."" No TK waitlist or TK lottery stated.","Not ranked - no data for rent (rent: no publisher covers the Alum Rock CDP separately from San Jose - zumper.com/rent-research/alum-rock-ca served the generic national page (no Alum Rock row), rentcafe.com/average-rent-market-trends/us/ca/alum-rock/ returned HTTP 500 on two attempts, rent.com/california/alum-rock-apartments returned an empty body, apartmentlist.com returned HTTP 403)",crimegrade.org; CAASPP 2025 (CDE); unionsd.org,"enrolment -5.8% 2023-25 (seats opening); address-based assignment; TK constrained; DISTRICT RESOLVED. Seen on https://en.wikipedia.org/wiki/Alum_Rock_(CDP),_California education section, quoted verbatim: 'Most of Alum Rock CDP is in Alum Rock Union Elementary School District. A small portion is in Mount Pleasant Elementary School District. All of it is in East Side Union High School District.' Page confirms Santa Clara County - note this is the CDP article, NOT the Alum Rock neighborhood-of-San-Jose article and NOT any out-of-area namesake. Corroborating: https://en.wikipedia.org/wiki/Alum_Rock_U"
,Belvedere,Marin,City,,42.0,76.5,,81.4,36.4,64.2,,,,,,,4.4,27.2,Reed Union Elementary,77.0,10,Tamalpais Union High,61.5,9,19.4,6.6,372162,2126,1.3,"address-based attendance area — effectively district-wide, since there is one school per grade span (Reed PreK-2, Bel Aire 3-5, Del Mar 6-8), so no intra-district school choice exists","No constraint found — no waitlist, lottery, or seat-limit language on the PreK/TK registration page or FAQ; eligibility is age (""turn 4 years old on or before September 1st"") plus residency (""reside within the RUSD boundaries""), with online registration opening January 21, 2026. Read as open, but the district publishes no explicit capacity statement.","Not ranked - no data for rent (rent: no rental market covered by any publisher - rentcafe.com/average-rent-market-trends/us/ca/belvedere/ returns an explicit 'n/a' for Belvedere's average rent and states its panel covers 'all Belvedere apartment buildings with 50 or more units', of which the city has none; zumper.com/rent-research/belvedere-ca served the generic national page; rent.com/california/belvedere-apartments returned an empty body; apartmentlist.com returned HTTP 403)",crimegrade.org; CAASPP 2025 (CDE); reedschools.org,"enrolment +1.3% 2023-25 (flat); address-based assignment; TK constrained; DISTRICT RESOLVED. Seen on https://en.wikipedia.org/wiki/Belvedere,_California education section, quoted verbatim: 'Belvedere is in Reed Union School District and the Tamalpais Union High School District.' Reed Union is the K-8 elementary district, Tamalpais Union the 9-12 high school district - two separate districts, so the fields correctly differ. RENT is a real negative rather than a lookup failure: RentCafe named the place and printed 'n/a' instead of 404ing, and the same page explains why (50+ unit buildings "
,Black Point-Green Point,Marin,Unincorporated community,,99.8,37.3,,50.9,37.4,19.1,,,,,,,0.7,2.9,Novato Unified,48.6,7,Novato Unified,46.0,7,35.2,23.2,96903,1306,2.5,,not established,Not ranked - no data for rent (rent: no rental market covered by any publisher - rentcafe.com/average-rent-market-trends/us/ca/black-point-green-point/ returns an explicit 'n/a' for this place's average rent; zumper.com/rent-research/black-point-green-point-ca served the generic national page with no row for it),areavibes.com (modelled from demographics; place not in FBI UCR reporting); CAASPP 2025 (CDE),"enrolment trend only; assignment system and TK position not established; enrolment +2.5% 2023-25 (flat); CRIME RESOLVED via alternate. The working areavibes slug uses '+' for the spaces INSIDE each half-name while keeping the hyphen between halves: black+point-green+point-ca. Both figures come off that ONE page (same publisher, same page): violent 68 per 100,000 and property 292 per 100,000. I CONVERTED both to per-1,000 by dividing by 100: 68/100,000 -> 0.68 per 1,000; 292/100,000 -> 2.92 per 1,000. Page confirms Marin County and grades the area A+. CAVEAT the page states about itself: 'the FBI does not provide offic"
,Bodega Bay,Sonoma,Unincorporated community,,24.3,33.8,,2.3,52.4,0.5,,,,,,,6.6,22.7,Shoreline Unified,38.6,5,West Sonoma County Union High,51.5,8,93.6,51.4,9249,1077,-0.4,,not established,"Not ranked - no data for rent (rent: no rental market covered by any publisher - rentcafe.com/average-rent-market-trends/us/ca/bodega-bay/ prints 'n/a' for Bodega Bay while showing figures for nearby Santa Rosa, Petaluma and Napa, and states its data comes from properties with '50 or more units'; zumper.com/rent-research/bodega-bay-ca served the generic national page; rent.com/california/bodega-bay-apartments returned an empty body; areavibes.com/bodega+bay-ca/cost-of-living/ has no bedroom-level rent at all (only renter median income $95,322))",crimegrade.org; CAASPP 2025 (CDE),"enrolment trend only; assignment system and TK position not established; enrolment -0.4% 2023-25 (flat); RENT IS A CONFIRMED NEGATIVE, not a failed lookup - four publishers checked, and the two that named the place printed 'n/a' rather than 404ing. The structural reason is on the record: 54.4 percent of Bodega Bay's housing units were vacant at the 2020 census (seasonal and second-home stock), and the town has no 50+ unit apartment buildings for the Yardi Matrix panel to survey. I did NOT substitute Santa Rosa, Petaluma or Sebastopol rent. DISTRICTS are a BONUS verified this pass and offered only as a cross-check, sin"
,Boyes Hot Springs,Sonoma,Unincorporated community,,75.7,7.3,,18.6,78.3,12.6,,,,,,,3.3,14.2,Sonoma Valley Unified,29.3,3,Sonoma Valley Unified,28.1,3,57.1,36.1,63229,6656,-3.8,,not established,Not ranked - no data for rent (rent: no rental market covered by any publisher),"areavibes.com (modeled estimate, NOT FBI-reported) (modelled from demographics; place not in FBI UCR reporting); CAASPP 2025 (CDE)","enrolment trend only; assignment system and TK position not established; enrolment -3.8% 2023-25 (seats opening); RENT: four publishers tried, none cover it. RentCafe explicitly renders 'n/a' for Boyes Hot Springs (its methodology counts only buildings with 50+ units); Zumper slug fell through to the generic landing page; rent.com trends page returned empty; rentable.co 404. Not substituting Sonoma's rent. CRIME: converted from AreaVibes per-100,000 figures by dividing by 100 — violent 333/100k = 3.33 per 1k, property 1,424/100k = 14.24 per 1k. IMPORTANT CAVEAT: the page states verbatim that 'Boyes Hot Springs crime rates are "
,Byron,Contra Costa,Unincorporated community,,25.6,38.7,,11.6,91.2,13.5,,,,,,,7.0,21.2,Byron Union Elementary,55.3,8,Byron Union Elementary,40.2,6,64.2,41.5,64451,1277,-6.9,,not established,Not ranked - no data for rent (no rental market covered by any publisher - rentcafe explicitly lists Byron with n/a for average rent),crimegrade.org; CAASPP 2025 (CDE),"enrolment trend only; assignment system and TK position not established; enrolment -6.9% 2023-25 (seats opening); TARGET FIELD (rent) RESOLVED AS A GENUINE NULL. rentcafe.com/average-rent-market-trends/us/ca/byron/ loaded successfully and shows n/a for Byron in its comparison table; the page notes its statistics cover roughly 90% of the U.S. metro area population, so Byron falls in the uncovered remainder. The zumper byron-ca slug redirects to the national index rather than serving a city page. Byron is a small far-east Contra Costa County farming community near the Delta with negligible multifamily stock. I did NOT substitute"
,Cambrian Park,Santa Clara,Unincorporated community,,98.0,70.4,,17.7,28.6,62.3,,,,,,,0.9,4.0,Cambrian,64.6,9,Campbell Union High,56.9,9,57.6,45.0,364276,3281,3.6,address-based attendance area,"Not TK-specific, and a seat in the district is guaranteed: ""Resident registrations are always welcome and placement is always guaranteed at one of our Union School District schools."" The home school is not guaranteed, however — ""If a grade level is closed, you can still register, and placement at another District school will be offered."" No TK waitlist or TK lottery stated.","Not ranked - no data for rent (rent: no publisher covers this CDP — RentCafe 500s, Zumper/Rent.com have no Cambrian Park page, and no neighbor's figure was substituted)",areavibes.com (modelled from demographics; place not in FBI UCR reporting); CAASPP 2025 (CDE); unionsd.org,"enrolment +3.6% 2023-25 (filling); address-based assignment; TK constrained; District URL: https://en.wikipedia.org/wiki/Cambrian_Park,_California . Elementary coverage is SPLIT between two K-8 districts — no single answer exists; high school is unambiguous. CRIME: CONVERTED from per-100,000 to per-1,000 (divided by 100). Original figures on the page: violent 93 per 100,000, property 396 per 100,000; both from the SAME AreaVibes page; place confirmed as Cambrian Park, Santa Clara County (not a namesake). IMPORTANT CAVEAT: page states ""Cambrian Park crime rates are not available from the FBI"
,Cherryland,Alameda,Unincorporated community,,42.3,4.2,,58.6,89.3,75.3,,,,,,,4.7,20.5,San Lorenzo Unified,27.0,2,San Lorenzo Unified,26.6,3,31.2,18.0,447161,15882,-8.1,"address-based attendance area (elementary and middle; high school placement is by Small Learning Community preference, not address)","Widely available. District states it ""is welcoming new students in its transitional kindergarten (TK) and kindergarten programs for the 2026-27 school year,"" describes TK as part of a statewide initiative ""available to all,"" and notes ""Families do not need to live in the San Lorenzo Unified School District to attend our schools."" Enrollment is open with ""Central Enrollment ... open through summer."" No waitlist, TK lottery, or limited-seat language appears on the enrollment or TK pages.","Not ranked - no data for rent (RENT: no rental market covered by any publisher — four publishers tried this pass, all failed. CRIME: not researched in this pass (pass 1 already resolved it) — do NOT overwrite the pass-1 crime values with these nulls.)",crimegrade.org; CAASPP 2025 (CDE); slzusd.org,"enrolment -8.1% 2023-25 (seats opening); address-based assignment; TK constrained; RENT attempts: zumper.com/rent-research/cherryland-ca redirects to the generic national index (no Cherryland page); rentcafe.com/average-rent-market-trends/us/ca/cherryland/ IS a real Cherryland page but its average-rent cell reads literally ""n/a"" (RentCafe only covers buildings with 50+ units and Cherryland has none qualifying); rent.com/california/cherryland-apartments returned an empty body (JS-only shell); apartmentlist.com cost-of-living page returned HTTP 403. No 2BR/3BR figure was seen on any page, so both s"
,Deer Park,Napa,Unincorporated community,,26.6,63.6,,5.6,81.7,4.7,,,,,,,7.4,20.7,Saint Helena Unified,62.8,9,Saint Helena Unified,42.5,7,76.4,50.7,27756,1200,-4.3,,not established,Not ranked - no data for rent (rent: no rental market covered by any publisher),crimegrade.org; CAASPP 2025 (CDE),"enrolment trend only; assignment system and TK position not established; enrolment -4.3% 2023-25 (seats opening); DISTRICT - LOWER CONFIDENCE THAN THE OTHERS, PLEASE VERIFY BEFORE PUBLISHING. I could not retrieve a boundary or attendance-area page. Evidence I did get: NCES CCD school search for ZIP 94576 (Deer Park, Napa County) returns Saint Helena Primary (KG-2), Saint Helena Elementary (3-5), Robert Louis Stevenson Intermediate (6-8) and Saint Helena High (9-12), all in St. Helena at 1.8 mi - a complete K-12 ladder - plus Howell Mountain Elementary (KG-8, Angwin) at 3.4 mi. The NCES district search for the same ZIP returns "
,Diablo,Contra Costa,Unincorporated community,,92.2,89.2,,36.5,73.8,36.7,,,,,,,1.8,12.3,San Ramon Valley Unified,77.5,10,San Ramon Valley Unified,76.9,10,43.7,23.9,228577,1113,-4.4,address-based attendance area,"Space-conditional rather than open-ended: a priority enrollment window runs November 1–30, after which ""applications will continue to be accepted after November 30 and throughout the year on a first-come, first-served basis, as space allows at your resident school."" No TK-specific lottery or named waitlist on the page.","Not ranked - no data for rent (RENT: no rental market covered by any publisher — RentCafe has a real Diablo page and reports the value as ""n/a"". CRIME: not researched in this pass (pass 1 already resolved it) — do NOT overwrite the pass-1 crime values with these nulls.)",crimegrade.org; CAASPP 2025 (CDE); srvusd.net,"enrolment -4.4% 2023-25 (seats opening); address-based assignment; TK constrained; RENT attempts: zumper.com/rent-research/diablo-ca redirects to the generic national index — Diablo is not covered. rentcafe.com/average-rent-market-trends/us/ca/diablo/ IS a genuine Diablo, CA page but the average-rent cell reads literally ""n/a"", with no bedroom-level breakdown. Diablo is a ~1,113-person gated country-club community that is essentially all owner-occupied single-family housing, so the absence of a published rental market is a real market fact, not a lookup failure. Both bedroom fields stay null; I d"
,East Foothills,Santa Clara,Unincorporated community,,,19.5,54.5,22.3,82.6,69.3,3302,4450,75% of 2BR stock,Plenty,35% of 3BR stock,Some,,,Alum Rock Union Elementary,25.3,2,East Side Union High,47.8,8,54.9,42.6,411261,8269,-5.8,address-based attendance area,"Not TK-specific, and a seat in the district is guaranteed: ""Resident registrations are always welcome and placement is always guaranteed at one of our Union School District schools."" The home school is not guaranteed, however — ""If a grade level is closed, you can still register, and placement at another District school will be offered."" No TK waitlist or TK lottery stated.","Not ranked - no data for crime (unincorporated, policed by Santa Clara County Sheriff - no place-level rate published; areavibes states on-page that East Foothills is outside FBI reporting coverage and its figures are demographic MODELS, not measured crime)",CAASPP 2025 (CDE); unionsd.org,"enrolment -5.8% 2023-25 (seats opening); address-based assignment; TK constrained; DISTRICT RESOLVED. https://en.wikipedia.org/wiki/East_Foothills,_California, Education section, verbatim: 'Most of East Foothills is in Alum Rock Union Elementary School District. A small portion is in Berryessa Union Elementary School District.' and 'All of it is in East Side Union High School District.' Split elementary - Berryessa Union Elementary serves a small portion. County confirmed Santa Clara (this is the Alum Rock-adjacent CDP, not an out-of-area namesake). CRIME - deliberately left null, please read: cr"
,El Granada,San Mateo,Unincorporated community,,58.7,23.7,,56.3,98.8,26.0,,,,,,,4.3,16.9,Cabrillo Unified,41.9,6,Cabrillo Unified,34.3,5,31.9,20.7,139617,5417,-8.0,address-based attendance area,not established,"Not ranked - no data for rent (rent: no fetchable publisher reports a per-bedroom figure - Zumper has no page for this slug and RentCafe's El Granada page prints ""n/a""; crime: not re-researched in this pass (first pass already resolved it), retain pass-1 value)",crimegrade.org; CAASPP 2025 (CDE); cabrillo.us,"enrolment -8.0% 2023-25 (seats opening); address-based assignment; District VERIFIED this pass on the district's own page https://www.cabrillo.us/about_us, which states ""Cabrillo Unified School District serves the communities of Half Moon Bay, Moss Beach, Montara, and El Granada"". Unified K-12 (four K-5 elementaries, Cunha middle, Half Moon Bay and Pilarcitos high schools), so the same name fills both fields; El Granada Elementary is one of its schools. San Mateo County confirmed. Rent: RentCafe breadcrumb confirmed ""Average Rent in El Granada, CA"" but the value is ""n/a""; rent.com"
,El Verano,Sonoma,Unincorporated community,,57.3,7.3,,20.5,78.3,14.0,,,,,,,4.7,12.1,Sonoma Valley Unified,29.3,3,Sonoma Valley Unified,28.1,3,55.4,34.9,65399,4282,-3.8,,not established,Not ranked - no data for rent (rent: no rental market covered by any publisher (RentCafe explicitly reports n/a; Zumper/Rent.com/ApartmentList have no El Verano page); crime: not in scope for this pass),crimegrade.org; CAASPP 2025 (CDE),"enrolment trend only; assignment system and TK position not established; enrolment -3.8% 2023-25 (seats opening); District URL: https://en.wikipedia.org/wiki/El_Verano,_California . Single UNIFIED district covers K-12, so the same name is in both district fields. RENT: genuinely unavailable — rentcafe.com/average-rent-market-trends/us/ca/el-verano/ loads as a real El Verano page but prints ""n/a"" for average rent with no bedroom breakdown (its Yardi Matrix source only covers buildings of 50+ units, which El Verano has none of); zumper.com/rent-research/el-verano-ca redirects to the generic national trends page; rent.com/califor"
,Forestville,Sonoma,Unincorporated community,,38.0,34.7,,1.4,92.6,8.4,,,,,,,5.3,19.9,Forestville Union Elementary,40.1,6,West Sonoma County Union High,51.5,8,97.0,54.0,47048,3293,-11.3,"address-based attendance area — single-campus district (one TK-8 campus), so an in-district address means that campus; no intra-district choice or lottery, and out-of-district families must file an interdistrict transfer at their school of residence","Widely available — ""Enrollment is available year round"" and ""Forestville School will take your contact information for incoming Kindergarten students at any time""; no waitlist, lottery, or limited-seat language anywhere on the enrollment or FAQ pages","Not ranked - no data for rent (RENT: no rental market covered by any publisher — RentCafe has a real Forestville page and reports the value as ""n/a"". CRIME and DISTRICT: not researched in this pass (pass 1 already resolved them) — do NOT overwrite the pass-1 values with these nulls.)",crimegrade.org; CAASPP 2025 (CDE); forestvilleusd.org,"enrolment -11.3% 2023-25 (seats opening); address-based assignment; TK constrained; RENT attempts: zumper.com/rent-research/forestville-ca redirects to the generic national index — Forestville is not covered. rentcafe.com/average-rent-market-trends/us/ca/forestville/ IS a genuine Forestville, CA page and the average-rent cell reads literally ""n/a""; the page instead shows nearby Sonoma/Napa cities (Santa Rosa $2,437, Petaluma $2,834, Napa $2,643). Per the anti-fabrication rule I did NOT substitute any of those neighbouring-city figures into Forestville. No 2BR or 3BR figure was seen on any page thi"
,Geyserville,Sonoma,Unincorporated community,,49.9,14.1,,5.1,23.6,1.4,,,,,,,4.6,18.6,Geyserville Unified,33.6,4,Geyserville Unified,28.6,3,78.4,68.7,11358,862,9.7,address-based attendance area — residence-based enrollment; no in-district choice or lottery application exists on the district site,not established,Not ranked - no data for rent (rent: no rental market covered by any publisher),crimegrade.org; CAASPP 2025 (CDE); gusd.com,enrolment +9.7% 2023-25 (filling); address-based assignment; Only rent was in scope; district passed along as a free confirmation. RENT: RentCafe Geyserville page loads and shows 'n/a' for average rent with no bedroom breakdown - it states data comes from Yardi Matrix covering apartment buildings with 50+ units and that insufficient data exists for Geyserville. Zumper /rent-research/geyserville-ca redirects to the national trends page (no market). apartmentlist.com cost-of-living page returns HTTP 403. Verdict: no rental market covered by any publisher for a place of ~862 pe
,Glen Ellen,Sonoma,Unincorporated community,,40.6,7.3,,12.6,78.3,9.8,,,,,,,5.2,18.7,Sonoma Valley Unified,29.3,3,Sonoma Valley Unified,28.1,3,62.7,40.0,55081,1101,-3.8,,not established,"Not ranked - no data for rent (rent: no rental market covered by any publisher (RentCafe explicitly n/a, Zumper/Rent.com have no Glen Ellen page); crime and district not in scope for this pass)",crimegrade.org; CAASPP 2025 (CDE),"enrolment trend only; assignment system and TK position not established; enrolment -3.8% 2023-25 (seats opening); RENT: genuinely unavailable — rentcafe.com/average-rent-market-trends/us/ca/glen-ellen/ loads as a real Glen Ellen page but lists average rent as ""n/a"" with no bedroom breakdown (Yardi Matrix source only covers 50+ unit buildings, of which Glen Ellen has none); zumper.com/rent-research/glen-ellen-ca redirects to the generic national trends page; rent.com/california/glen-ellen-apartments returned an empty body. Did NOT substitute Sonoma's or Kenwood's rent. Crime and district were not in scope for this pass — those "
,Graton,Sonoma,Unincorporated community,,53.2,64.8,,13.5,76.7,10.2,,,,,,,4.8,14.5,Oak Grove Union Elementary,58.1,9,West Sonoma County Union High,51.5,8,61.7,51.1,56625,1815,-4.8,address-based attendance area,"Not TK-specific, and a seat in the district is guaranteed: ""Resident registrations are always welcome and placement is always guaranteed at one of our Union School District schools."" The home school is not guaranteed, however — ""If a grade level is closed, you can still register, and placement at another District school will be offered."" No TK waitlist or TK lottery stated.","Not ranked - no data for rent (rent: no rental market covered by any publisher - Zumper has no page for this slug and RentCafe's Graton page prints ""n/a"" (no apartment buildings of 50+ units); crime: not re-researched in this pass, retain pass-1 value)",crimegrade.org; CAASPP 2025 (CDE); unionsd.org,"enrolment -4.8% 2023-25 (seats opening); address-based assignment; TK constrained; District RESOLVED this pass on https://en.wikipedia.org/wiki/Graton,_California, whose education section states ""The school districts are Oak Grove Union Elementary School District and West Sonoma County Union High School District"". Sonoma County confirmed on the same page. This is a split elementary/high-school arrangement, NOT a unified district, so the two fields differ. GreatSchools /california/graton/ and /california/graton/schools/ both returned generic landing-page content with no district names. Rent: RentC"
,Greenbrae,Marin,Unincorporated community,,16.4,75.1,,70.0,75.7,37.7,,,,,,,8.1,28.4,Kentfield Elementary,76.5,10,Tamalpais Union High,61.5,9,25.1,12.6,230228,1586,-4.6,address-based attendance area — residency-based; single-elementary district (Bacich),"Constrained — the district does not run a standard full-day in-district TK classroom: ""KSD provides access to a 3 hour UTK program for KSD families through a partnership with local community agencies,"" and the College of Marin partner program has ""limited space for prioritized enrollment (CSPP eligibility criteria).""",Not ranked - no data for rent (no rental market covered by any publisher - rentcafe reports Greenbrae's average rent as n/a),crimegrade.org; CAASPP 2025 (CDE); kentfieldschools.org,"enrolment -4.6% 2023-25 (seats opening); address-based assignment; TK constrained; BOTH TARGET FIELDS ADDRESSED. Rent is a genuine null: rentcafe.com/average-rent-market-trends/us/ca/greenbrae/ loaded and shows n/a for Greenbrae while listing real figures for other Bay Area cities; the zumper greenbrae-ca slug redirects to the national index. District: Kentfield Elementary SD runs Bacich Elementary (TK-4) and Kent Middle (5-8) at 25 McAllister Ave, Kentfield 94904 - the same 94904 ZIP as Greenbrae - and its feeder relationship sends students to Tamalpais Union for high school at Redwood High in L"
,Inverness,Marin,Unincorporated community,,15.2,16.7,,7.4,52.4,1.9,,,,,,,7.7,32.3,Shoreline Unified,38.6,5,Shoreline Unified,30.0,4,69.1,32.9,16018,1304,-0.4,,not established,Not ranked - no data for rent (Rent: no rental market covered by any publisher. Crime/district: not in scope for this second pass (first pass already resolved them).),crimegrade.org; CAASPP 2025 (CDE),"enrolment trend only; assignment system and TK position not established; enrolment -0.4% 2023-25 (flat); Zumper /rent-research/inverness-ca redirects to the generic national index. RentCafe has a real Inverness, CA page and it was confirmed to be the California Inverness, but the average-rent value is n/a - the page states it covers 'all Inverness apartment buildings with 50 or more units', and this West Marin community of ~1,304 on Tomales Bay has none. Did not substitute a Point Reyes Station or Novato figure."
,Japantown,San Francisco,SF neighbourhood,,6.4,50.2,,96.3,9.0,94.9,,,,,,,10.7,63.5,San Francisco Unified,50.1,7,San Francisco Unified,49.1,8,9.3,2.1,720103,3900,0.3,choice lottery,CONSTRAINED — oversubscribed schools allocate limited TK openings by tiebreakers plus random numbers; families join waitlists after assignment,"Not ranked - no data for rent (no publisher returns a fetchable page with both 2BR and 3BR medians for the Japantown SF neighbourhood - rentcafe 500s, rent.com renders empty via JS, apartments.com 403s, and Zumper's San Francisco rent-research page covers only Civic Center, Dogpatch, Downtown, Financial District, Hayes Valley, Mission, Pacific Heights, Soma, South Beach and Tenderloin, not Japantown)","DataSF SFPD incident reports 2025-07..2026-07, calibrated to the CrimeGrade scale; CAASPP 2025 (CDE); sfusd.edu","enrolment +0.3% 2023-25 (flat); choice/lottery assignment; TK constrained; TARGET FIELD (rent) NOT RESOLVED - reporting the failure rather than a number. Five URL patterns tried: zumper SF-neighborhood path, zumper SF city page (neighborhood list confirmed to exclude Japantown), rentcafe two slug forms (both HTTP 500), rent.com neighborhood page (empty body), apartments.com (HTTP 403). The single permitted WebSearch surfaced only unusable figures: a 2BR 'starting at $3,940+' floor price rather than a median, and 3BR values that were individual listings ($3,650-$5,895) spread across differ"
,Knightsen,Contra Costa,Unincorporated community,,78.7,32.4,,10.9,23.6,20.5,,,,,,,3.2,12.8,Knightsen Elementary,45.1,6,Liberty Union High,44.2,7,64.4,41.7,100965,1568,14.5,address-based attendance area,not established,Not ranked - no data for rent (rent: no rental market covered by any publisher),crimegrade.org; CAASPP 2025 (CDE); knightsen.k12.ca.us,"enrolment +14.5% 2023-25 (filling); address-based assignment; Only rent was in scope here; I resolved it as a genuine null and am passing the district along as a free confirmation. RENT: RentCafe Knightsen page loads and shows 'n/a' for average rent, with no bedroom-level breakdown - RentCafe/Yardi Matrix covers apartment buildings of 50+ units and Knightsen (pop ~1,568, rural East County) has none. Zumper has no /rent-research/knightsen-ca market page. Verdict: no rental market covered by any publisher. Did NOT substitute Brentwood or Oakley rents. DISTRICT (confident, split"
,La Honda,San Mateo,Unincorporated community,,55.5,40.1,,22.3,22.6,20.9,,,,,,,4.4,17.2,La Honda-Pescadero Unified,52.6,8,La Honda-Pescadero Unified,45.2,7,54.9,33.6,102766,928,5.7,,not established,Not ranked - no data for rent (Rent: no rental market covered by any publisher. Crime/district: not in scope for this second pass (first pass already resolved them).),crimegrade.org; CAASPP 2025 (CDE),"enrolment trend only; assignment system and TK position not established; enrolment +5.7% 2023-25 (filling); Zumper /rent-research/la-honda-ca redirects to the generic national index. RentCafe has a genuine La Honda, CA page which explicitly lists both the 2-bedroom and 3-bedroom average rents as n/a; it credits Yardi Matrix and notes coverage is limited to buildings with 50+ units, which this San Mateo County mountain community of ~928 does not have. Did not substitute a Woodside, Portola Valley or Half Moon Bay figure."
,Lagunitas-Forest Knolls,Marin,Unincorporated community,,30.0,67.8,,22.3,18.8,11.6,,,,,,,5.4,23.6,Lagunitas Elementary,50.6,8,Tamalpais Union High,61.5,9,54.9,22.1,62565,1435,8.6,address-based attendance area,"Widely available. District handbook states plainly: ""Space will be available for all eligible students who reside within the Lagunitas School District boundaries."" No waitlist, lottery, or seat cap. TK is taught in a combined TK/K class at the single community school.","Not ranked - no data for rent (RENT: no rental market covered by any publisher — RentCafe pages exist for BOTH halves of the double name and both report ""n/a"". CRIME and DISTRICT: not researched in this pass (pass 1 already resolved them) — do NOT overwrite the pass-1 values with these nulls.)",crimegrade.org; CAASPP 2025 (CDE); lagunitas.org (official Lagunitas Community School Handbook 2025-2026 PDF on the district's CMS asset host),"enrolment +8.6% 2023-25 (filling); address-based assignment; TK constrained; RENT attempts, including the hyphenated-double-name split the brief called for: zumper.com/rent-research/lagunitas-ca redirects to the generic national index. rentcafe.com/average-rent-market-trends/us/ca/lagunitas-forest-knolls/ resolved but rendered as a ""Forest Knolls, CA"" page with the value ""n/a"". rentcafe.com/average-rent-market-trends/us/ca/lagunitas/ is a genuine Lagunitas, CA page, also ""n/a"". So both halves of the name were tried separately and both are uncovered. At ~1,435 people in the San Geronimo Vall"
,Montara,San Mateo,Unincorporated community,,56.8,23.7,,63.5,98.8,27.9,,,,,,,4.7,13.5,Cabrillo Unified,41.9,6,Cabrillo Unified,34.3,5,28.1,18.5,154479,2833,-8.0,address-based attendance area,not established,Not ranked - no data for rent (no rental market covered by any publisher - rentcafe explicitly reports Montara's average rent as n/a),crimegrade.org; CAASPP 2025 (CDE); cabrillo.us,"enrolment -8.0% 2023-25 (seats opening); address-based assignment; TARGET FIELD (rent) RESOLVED AS A GENUINE NULL, not a fetch failure. This is a positive finding rather than a miss: rentcafe.com/average-rent-market-trends/us/ca/montara/ loaded successfully, its breadcrumb confirms San Mateo County (correct place), and it prints n/a for Montara's rent while showing real figures for comparison cities ranging $1,621-$4,739 - so the publisher covers the region and specifically has no data for this community. The zumper montara-ca slug redirects to the national index, i.e. no such cit"
,Monte Rio,Sonoma,Unincorporated community,,7.6,85.9,,0.9,35.2,2.8,,,,,,,12.3,50.1,Union Elementary,75.2,10,Union Elementary,74.7,10,101.1,57.1,18774,1152,1.4,address-based attendance area,"Not TK-specific, and a seat in the district is guaranteed: ""Resident registrations are always welcome and placement is always guaranteed at one of our Union School District schools."" The home school is not guaranteed, however — ""If a grade level is closed, you can still register, and placement at another District school will be offered."" No TK waitlist or TK lottery stated.",Not ranked - no data for rent (no rental market covered by any publisher — RentCafe returns a live Monte Rio page whose average-rent field is explicitly 'n/a'),crimegrade.org; CAASPP 2025 (CDE); unionsd.org,"enrolment +1.4% 2023-25 (flat); address-based assignment; TK constrained; PASS-2 TARGET WAS RENT; confirmed negative, not a failed lookup. rentcafe.com/average-rent-market-trends/us/ca/monte-rio/ resolves to a genuine Monte Rio page and reports n/a for average rent; its Yardi Matrix source covers buildings of 50+ units and Monte Rio (pop ~1,152, heavily seasonal/vacation housing along the Russian River) has none. That same page offers Santa Rosa ($2,437), Petaluma ($2,834) and Napa ($2,643) as 'nearby' comparisons — I deliberately did NOT borrow any of them, per the no-copying-from-a-lar"
,Monte Sereno,Santa Clara,City,,78.5,91.5,,19.1,25.7,45.1,,,,,,,2.4,19.0,Los Gatos Union Elementary,79.1,10,Los Gatos-Saratoga Union High,75.6,10,57.0,44.4,279940,3479,4.1,address-based attendance area — but TK year specifically is site-preference with a lottery when oversubscribed,"Constrained — for 2026-27 ""all families registering for TK will indicate their site preference,"" and ""In the event demand exceeds capacity, those who register between February 2 and February 27 will be entered into a lottery to determine which site they will attend. Priority will be given to families with siblings at the requested school and then by attendance area.""","Not ranked - no data for rent (no rental market covered by any publisher - RentCafe returns n/a and states it only covers buildings with 50+ units; Monte Sereno is a 3,479-person almost entirely single-family-home city with effectively no apartment stock. Crime was NOT in my pass-2 scope - do not overwrite pass-1 values)",crimegrade.org; CAASPP 2025 (CDE); lgusd.org (via search-result content; site blocked direct fetch with 403),"enrolment +4.1% 2023-25 (filling); address-based assignment; TK constrained; DISTRICT RESOLVED. https://en.wikipedia.org/wiki/Monte_Sereno,_California, Schools section, verbatim: 'Most of Monte Sereno's residents are served by the Los Gatos Union Elementary School or Saratoga Elementary School districts (for elementary and middle schools) and Los Gatos-Saratoga Union High School Districts (for high school). A small portion of residents, primarily in the Bicknell Road area, are served by the Campbell Union School and the Campbell Union High School districts.' I put the majority districts in "
,Moss Beach,San Mateo,Unincorporated community,,42.7,23.7,,59.3,98.8,24.7,,,,,,,5.4,16.8,Cabrillo Unified,41.9,6,Cabrillo Unified,34.3,5,30.1,19.7,132146,3103,-8.0,address-based attendance area,not established,"Not ranked - no data for rent (rent: no rental market covered by any publisher - Zumper has no page for this slug and RentCafe's Moss Beach page prints ""n/a"" because there are no apartment buildings of 50+ units to track; crime: not re-researched in this pass, retain pass-1 value)",crimegrade.org; CAASPP 2025 (CDE); cabrillo.us,"enrolment -8.0% 2023-25 (seats opening); address-based assignment; District RESOLVED this pass. GreatSchools returned only generic statewide content for /california/moss-beach/ and /california/moss-beach/schools/, and the Moss Beach Wikipedia article has no education section, so I went to the district's own site: https://www.cabrillo.us/about_us states ""Cabrillo Unified School District serves the communities of Half Moon Bay, Moss Beach, Montara, and El Granada"". It is K-12 unified, so the same district name fills both fields. Naming a neighbouring-town district here is the correc"
,North Richmond,Contra Costa,Unincorporated community,,29.5,10.8,,65.6,59.0,56.7,,,,,,,5.8,21.6,West Contra Costa Unified,29.8,3,West Contra Costa Unified,29.5,3,27.3,10.9,338965,4079,-2.2,address-based attendance area,"Constrained — a TK seat somewhere is guaranteed, but not at the resident school","Not ranked - no data for rent (rent: no publisher reports a per-bedroom figure - Zumper has no page for this slug and RentCafe's North Richmond page prints ""n/a"" (no apartment buildings of 50+ units in the tracked market area); district and crime: not in this pass's missing list and not re-researched, retain pass-1 values)",crimegrade.org; CAASPP 2025 (CDE); wccusd.net,"enrolment -2.2% 2023-25 (flat); address-based assignment; TK constrained; Confirmed the RentCafe page is the correct North Richmond - title ""Average Rent in North Richmond, CA: 2026 Rent Prices by Neighborhood"" - and separately confirmed on https://en.wikipedia.org/wiki/North_Richmond,_California that this is the Contra Costa County CDP, not a namesake. That Wikipedia article has NO education section, so it could not corroborate a school district; district was left to the pass-1 value rather than guessed. Rent alternates tried: Zumper (redirects to national landing page), RentCafe (""n/a"""
,Occidental,Sonoma,Unincorporated community,,38.4,60.1,,1.9,29.0,4.2,,,,,,,5.8,17.4,Harmony Union Elementary,52.3,8,Harmony Union Elementary,49.6,8,94.2,51.9,27510,1115,4.8,,not established,Not ranked - no data for rent (no rental market covered by any publisher),crimegrade.org; CAASPP 2025 (CDE),"enrolment trend only; assignment system and TK position not established; enrolment +4.8% 2023-25 (filling); IN SCOPE THIS PASS: rent only — and it genuinely does not exist. RentCafe's Occidental page loads and confirms the place is in Sonoma County, but renders 'n/a' for average rent; its stated methodology counts only apartment buildings with 50 or more units, and Occidental (pop ~1,115) has none. Zumper's /rent-research/occidental-ca slug fell through to the generic national landing page, meaning no Zumper market report exists for it. Deliberately NOT substituting Sebastopol's or Santa Rosa's rent. Crime and district f"
,Penngrove,Sonoma,Unincorporated community,,34.6,32.9,,30.2,51.2,17.2,,,,,,,5.3,21.2,Petaluma City Elementary,44.7,6,Petaluma City Elementary,45.1,7,49.0,37.7,85481,2362,2.3,address-based attendance area,not established,"Not ranked - no data for rent (RENT: no rental market covered by any publisher — RentCafe has a real Penngrove page and reports the value as ""n/a"". CRIME and DISTRICT: not researched in this pass (pass 1 already resolved them) — do NOT overwrite the pass-1 values with these nulls.)",crimegrade.org; CAASPP 2025 (CDE); petalumacityschools.org,"enrolment +2.3% 2023-25 (flat); address-based assignment; RENT attempts: zumper.com/rent-research/penngrove-ca redirects to the generic national index — Penngrove is not covered. rentcafe.com/average-rent-market-trends/us/ca/penngrove/ IS a genuine Penngrove page (page title read ""Average Rent in Penngrove, CA: 2026 Rent Prices by Neighborhood"") but the average-rent cell reads literally ""n/a"" — no bedroom-level breakdown of any kind. Confirmed Sonoma County Penngrove, no namesake collision. No figure seen on any page, so both bedroom fields stay null rather than borrowing"
,Pescadero,San Mateo,Unincorporated community,,17.6,40.1,,14.0,22.6,6.0,,,,,,,6.4,33.9,La Honda-Pescadero Unified,52.6,8,La Honda-Pescadero Unified,45.2,7,61.5,37.3,29810,643,5.7,,not established,"Not ranked - no data for rent (no rental market covered by any publisher - RentCafe returns n/a and states it covers 'all Pescadero apartment buildings with 50 or more units', of which there are effectively none in a 643-person rural coastal town. Crime and district were NOT in my pass-2 scope - those nulls mean 'not re-researched', do not overwrite pass-1 values)",crimegrade.org; CAASPP 2025 (CDE),"enrolment trend only; assignment system and TK position not established; enrolment +5.7% 2023-25 (filling); RENT NOT AVAILABLE - this is a genuine no-data answer, not a search failure. Tried zumper.com/rent-research/pescadero-ca (Pescadero not in Zumper's covered markets), rentcafe.com/average-rent-market-trends/us/ca/pescadero/ (explicit n/a in the comparison table, with the 50+-unit-building coverage rule stated on the page), and apartmentlist.com/renter-life/cost-of-living-in-pescadero-ca (403). Pescadero is a 643-person unincorporated farming and coastal town in southern San Mateo County with no multifamily stock to "
,Point Reyes Station,Marin,Unincorporated community,,10.8,16.7,,10.9,52.4,3.7,,,,,,,9.1,43.6,Shoreline Unified,38.6,5,Shoreline Unified,30.0,4,64.4,29.3,22946,848,-0.4,,not established,Not ranked - no data for rent (no rental market covered by any publisher — RentCafe returns a live Point Reyes Station page whose average-rent field is explicitly 'n/a'),crimegrade.org; CAASPP 2025 (CDE),"enrolment trend only; assignment system and TK position not established; enrolment -0.4% 2023-25 (flat); PASS-2 TARGET WAS RENT; confirmed negative. rentcafe.com/average-rent-market-trends/us/ca/point-reyes-station/ resolves to a real Point Reyes Station page and shows n/a for average rent, stating its coverage is apartment buildings of 50 or more units — at pop ~848 this village has none. zumper.com/rent-research/point-reyes-station-ca falls through to a generic national page (no such slug). No West Marin neighbour's figure was substituted."
,Rodeo,Contra Costa,Unincorporated community,,56.0,2.1,,44.9,24.5,40.9,,,,,,,4.0,20.0,John Swett Unified,22.6,1,John Swett Unified,28.3,3,37.8,17.8,244508,10563,5.5,,not established,"Not ranked - no data for rent (rent: no publisher reports a per-bedroom figure - Zumper has no page for this slug (redirects to its national landing page) and RentCafe's Rodeo page exists but prints ""n/a"" because Yardi Matrix only tracks buildings of 50+ units, of which Rodeo has none; crime: not re-researched in this pass (first pass already resolved it), retain pass-1 value)",crimegrade.org; CAASPP 2025 (CDE),"enrolment trend only; assignment system and TK position not established; enrolment +5.5% 2023-25 (filling); District VERIFIED this pass on https://en.wikipedia.org/wiki/Rodeo,_California, which states ""Rodeo is in the John Swett Unified School District""; unified K-12, so the same name fills both district fields. County confirmed Contra Costa on that page. Rent: fetched Zumper (redirect to national page, no place-level report), RentCafe (page is genuinely about Rodeo, CA - title ""Average Rent in Rodeo, CA"" - but the figure is ""n/a""), rent.com (empty body) and apartmentlist.com (HTTP 403). A WebSearch surfaced per-bedroom "
,Santa Venetia,Marin,Unincorporated community,,,27.0,52.7,62.8,80.7,30.2,2995,4850,85% of 2BR stock,Plenty,25% of 3BR stock,Few,,,San Rafael City Elementary,38.7,5,San Rafael City High,43.6,7,28.2,15.8,177465,4834,0.6,address-based attendance area,"Widely available — ""Every SRCS elementary school will have at least one TK class next year, as well as Kindergarten classes."" Note a timing condition: completed TK registration packets are due by an early-March deadline ""to be considered for neighborhood school placement.""","Not ranked - no data for crime (unincorporated, policed by Marin County Sheriff - no place-level rate published; areavibes states on-page that Santa Venetia is outside FBI reporting coverage and its figures are demographic MODELS, not measured crime)",CAASPP 2025 (CDE); srcs.org (via search-result content; site dropped every direct fetch),"enrolment +0.6% 2023-25 (flat); address-based assignment; TK widely available; DISTRICT RESOLVED. https://en.wikipedia.org/wiki/Santa_Venetia,_California, Education section, verbatim: 'Residents are in both the San Rafael Elementary School District and the San Rafael High School District, jointly operated as San Rafael City Schools.' Two legally separate districts run under one joint administration (San Rafael City Schools) - that is why elementary and high school carry different names rather than a unified name. Local K-8 is Venetia Valley K-8; high schoolers attend San Rafael High or Terra "
,Sea Ranch,Sonoma,Unincorporated community,,44.5,85.9,,0.0,35.2,0.0,,,,,,,3.6,63.9,Union Elementary,75.2,10,Union Elementary,74.7,10,137.9,85.1,1392,1305,1.4,address-based attendance area,"Not TK-specific, and a seat in the district is guaranteed: ""Resident registrations are always welcome and placement is always guaranteed at one of our Union School District schools."" The home school is not guaranteed, however — ""If a grade level is closed, you can still register, and placement at another District school will be offered."" No TK waitlist or TK lottery stated.","Not ranked - no data for rent (rent: no rental market covered by any publisher - Zumper has no page for this slug and RentCafe's page prints ""n/a""; the local housing stock is overwhelmingly second homes and short-term vacation rentals rather than a tracked long-term rental market; crime: not re-researched in this pass, retain pass-1 value)",crimegrade.org; CAASPP 2025 (CDE); unionsd.org,"enrolment +1.4% 2023-25 (flat); address-based assignment; TK constrained; District RESOLVED this pass on https://en.wikipedia.org/wiki/Sea_Ranch,_California, whose education section states ""The school districts are Horicon Elementary School District and Point Arena Joint Union High School District"". Sonoma County confirmed on the same page. Split elementary/high arrangement, so the fields differ; note the high school district is headquartered in Mendocino County but is the district that actually serves this Sonoma County community. RentCafe uses the name ""The Sea Ranch"" - its page title "
,Sunol,Alameda,Unincorporated community,,71.1,95.8,,32.1,100.0,38.6,,,,,,,3.4,17.1,Sunol Glen Unified,77.1,10,Sunol Glen Unified,82.8,10,47.4,31.0,235978,913,-12.2,"address-based attendance area (single-school district — one TK-8 school serves the whole district, so there is no inter-school assignment to win)",not established,Not ranked - no data for rent (no rental market covered by any publisher - rentcafe shows n/a for Sunol's average rent),crimegrade.org; CAASPP 2025 (CDE); sunol.k12.ca.us,"enrolment -12.2% 2023-25 (seats opening); address-based assignment; TARGET FIELD (rent) RESOLVED AS A GENUINE NULL. rentcafe.com/average-rent-market-trends/us/ca/sunol/ loaded and its comparison table shows n/a for Sunol while printing real figures for other California cities ($1,621 Fresno to $4,739 Menlo Park), so the publisher covers the market and simply has no Sunol data. The zumper sunol-ca slug redirects to the national index. Sunol is a very small unincorporated Alameda County community in the Sunol Valley (pop ~913) with almost no rental stock. I did NOT substitute rent fr"
,Tara Hills,Contra Costa,Unincorporated community,,,10.8,82.0,55.3,59.0,47.0,2400,3500,97% of 2BR stock,Plenty,68% of 3BR stock,Plenty,,,West Contra Costa Unified,29.8,3,West Contra Costa Unified,29.5,3,33.1,14.7,284882,5126,-2.2,address-based attendance area,"Constrained — a TK seat somewhere is guaranteed, but not at the resident school","Not ranked - no data for crime (crime: unincorporated, policed by county sheriff - no place-level rate published (only a demographic model estimate exists))",CAASPP 2025 (CDE); wccusd.net,"enrolment -2.2% 2023-25 (flat); address-based assignment; TK constrained; Rent was not in my scope for this place (first pass resolved it). DISTRICT (confident): Wikipedia 'Tara Hills, California' Education section states 'Tara Hills is in the West Contra Costa Unified School District.' K-12 unified, so same name in both fields. Corroborated twice: https://www.greatschools.org/california/pinole/ names West Contra Costa Unified (PK, K-12, 63 schools, offices in Richmond) for adjacent Pinole, and ed-data.org lists Tara Hills Elementary under Contra Costa / West Contra Costa Unified. CRIME "
,Temelec,Sonoma,Unincorporated community,,99.0,7.3,,25.1,78.3,14.4,,,,,,,0.9,3.8,Sonoma Valley Unified,29.3,3,Sonoma Valley Unified,28.1,3,52.9,33.2,65459,1344,-3.8,,not established,"Not ranked - no data for rent (rent: no rental market covered by any publisher (RentCafe explicitly n/a, Zumper has no Temelec page))",areavibes.com (modelled from demographics; place not in FBI UCR reporting); CAASPP 2025 (CDE),"enrolment trend only; assignment system and TK position not established; enrolment -3.8% 2023-25 (seats opening); District URL: https://en.wikipedia.org/wiki/Temelec,_California . Single UNIFIED district covers K-12, so the same name is in both fields. CRIME: CONVERTED from per-100,000 to per-1,000 (divided by 100). Original figures on the page: violent 88 per 100,000, property 375 per 100,000; both from the SAME AreaVibes page; place confirmed as Temelec, Sonoma County. IMPORTANT CAVEAT: page states ""Temelec crime rates are not available from the FBI crime report"" and the figures are ESTIMATES modelled from demographic data —"
,Woodacre,Marin,Unincorporated community,,48.3,67.8,,25.6,18.8,18.1,,,,,,,5.2,15.2,Lagunitas Elementary,50.6,8,Tamalpais Union High,61.5,9,52.6,20.3,89605,1566,8.6,address-based attendance area,"Widely available. District handbook states plainly: ""Space will be available for all eligible students who reside within the Lagunitas School District boundaries."" No waitlist, lottery, or seat cap. TK is taught in a combined TK/K class at the single community school.",Not ranked - no data for rent (no rental market covered by any publisher — RentCafe returns a live Woodacre page whose average-rent field is explicitly 'n/a'; crime was not in this pass's scope),crimegrade.org; CAASPP 2025 (CDE); lagunitas.org (official Lagunitas Community School Handbook 2025-2026 PDF on the district's CMS asset host),"enrolment +8.6% 2023-25 (filling); address-based assignment; TK constrained; PASS-2 TARGETS WERE RENT + DISTRICT; district resolved, rent is a confirmed negative rather than a failed lookup. RENT: rentcafe.com/average-rent-market-trends/us/ca/woodacre/ loads as a real Woodacre page and states n/a — its methodology covers buildings of 50+ units, and Woodacre has none. zumper.com/rent-research/woodacre-ca falls through to a generic national page (no Woodacre slug exists). Per the brief I did NOT substitute San Anselmo, Fairfax or any other Ross Valley town's rent. DISTRICT: Wikipedia's Laguni"
,Angwin,Napa,Unincorporated community,,18.5,,90.4,4.2,,2.3,2300,3250,98% of 2BR stock,Plenty,77% of 3BR stock,Plenty,8.6,24.4,Howell Mountain Elementary,,,Howell Mountain Elementary,,,80.8,53.9,17019,3051,,,,"Not ranked - no data for schools, school/TK capacity",crimegrade.org,"Rent: Zumper CDP slug returned a real Angwin page and BOTH the 2BR and 3BR come from that same page. Two data-quality flags a careful reader needs: (1) the page itself warns it has 'limited data' for this area, and (2) the 1BR is listed at $2,800 — HIGHER than the $2,300 2BR — which is a sample artifact, not a real market structure, and casts doubt on the 2BR figure specifically. Reported as published rather than adjusted. Crime: both CrimeGrade pages self-identified as Angwin. District: GreatSchools names Howell M"
,Blackhawk,Contra Costa,Unincorporated community,,,89.2,,31.6,73.8,32.6,,,,,,,,,San Ramon Valley Unified,77.5,10,San Ramon Valley Unified,76.9,10,47.5,26.4,192264,9354,-4.4,address-based attendance area,"Space-conditional rather than open-ended: a priority enrollment window runs November 1–30, after which ""applications will continue to be accepted after November 30 and throughout the year on a first-come, first-served basis, as space allows at your resident school."" No TK-specific lottery or named waitlist on the page.","Not ranked - no data for crime, rent (rent: no rental market covered by any publisher; crime: unincorporated, policed by county sheriff - no place-level rate published (only a demographic model estimate exists))",CAASPP 2025 (CDE); srvusd.net,"enrolment -4.4% 2023-25 (seats opening); address-based assignment; TK constrained; DISTRICT (confident): Wikipedia 'Blackhawk, California' Education section states 'As of the 2020 census, all of Blackhawk was in the San Ramon Valley Unified School District.' K-12 unified, so same name in both fields. Corroborated on https://www.greatschools.org/california/danville/ which names San Ramon Valley Unified (K-12, 37 schools) as the district for adjacent Danville. RENT: RentCafe page for Blackhawk loads and explicitly displays 'n/a' - RentCafe/Yardi Matrix only covers apartment buildings with 50+ units"
,Bolinas,Marin,Unincorporated community,,32.2,66.2,,29.8,,16.7,,,,,,,4.9,26.8,Bolinas-Stinson Union,55.5,8,Bolinas-Stinson Union,,,49.2,17.8,80147,1620,,,,"Not ranked - no data for rent, school/TK capacity (Rent: no rental market covered by any publisher. Crime/district: not in scope for this second pass (first pass already resolved them).)",crimegrade.org; CAASPP 2025 (CDE),"Zumper /rent-research/bolinas-ca redirects to the generic national rent index - no Bolinas data. RentCafe has a genuine Bolinas, CA page ('Average Rent in Bolinas, CA') but the average-rent cell reads n/a; the page notes its Yardi Matrix feed covers only apartment buildings with 50+ units, and Bolinas (pop ~1,620, deliberately low-growth) has no such buildings. Did not substitute a Stinson Beach or Point Reyes figure. Incidental corroboration seen while researching Marin districts: Bolinas-Stinson Union SD is one o"
,Burbank,Santa Clara,Unincorporated community,,,26.3,,24.7,92.6,81.4,,,,,,,,,Luther Burbank,24.6,2,Campbell Union High,56.9,9,53.3,41.2,558697,5157,-12.0,address-based attendance area,"Not TK-specific, and a seat in the district is guaranteed: ""Resident registrations are always welcome and placement is always guaranteed at one of our Union School District schools."" The home school is not guaranteed, however — ""If a grade level is closed, you can still register, and placement at another District school will be offered."" No TK waitlist or TK lottery stated.","Not ranked - no data for crime, rent (every rent and crime page for the slug burbank-ca resolves to Burbank in Los Angeles County, a different place; no publisher covers the Santa Clara County Burbank CDP separately, and as an unincorporated CDP it is policed by the Santa Clara County Sheriff with no place-level rate published)",CAASPP 2025 (CDE); unionsd.org,"enrolment -12.0% 2023-25 (seats opening); address-based assignment; TK constrained; TARGET FIELD (district) RESOLVED; rent and crime deliberately left null. NAMESAKE TRAP CONFIRMED AND AVOIDED TWICE. zumper.com/rent-research/burbank-ca returned 2BR $2,872 / 3BR $4,500 but the page states Los Angeles County - DISCARDED, not reported. crimegrade.org/violent-crime-burbank-ca/ returned 4.911 violent per 1,000 but lists neighbours North Hollywood, Valley Village, Sun Valley, Glendale, Studio City, La Crescenta, Sunland, Tujunga, Montrose - all Los Angeles County - DISCARDED, not reported. greatschools."
,Burlingame Hills,San Mateo,Unincorporated community,,,73.5,,72.6,27.9,56.3,,,,,,,,,Burlingame Elementary,72.8,10,San Mateo Union High,62.0,9,23.8,15.5,338156,1545,3.7,address-based attendance area — but placement not guaranteed; capacity overflow to another district elementary,"Constrained — enrollment is first-come, first-served and ""placement of each student is subject to capacity at each school""; when a school reaches capacity in any grade level (TK–5), overflow students are placed at another district elementary. NOTE: this is grade-general language, not a TK-specific waitlist or lottery.","Not ranked - no data for crime, rent (no rental market covered by any publisher (RentCafe 500s, areavibes and crimegrade have no page for this CDP); and unincorporated, policed by San Mateo County Sheriff - no place-level crime rate published)","CAASPP 2025 (CDE); burlingameschools.org (read via search-result excerpt only — burlingameschools.org returned HTTP 403 to every direct fetch, including through a real browser session hitting a Cloudflare challenge; treat as lower-confidence than the districts read directly)","enrolment +3.7% 2023-25 (filling); address-based assignment; TK constrained; DISTRICT IS THE ONE FIELD I WANT YOU TO TREAT AS PROVISIONAL. Burlingame Hills has NO dedicated Wikipedia article - the Wikipedia search page shows it only as a redlink in the San Mateo County community list - so the usual Education-section route does not exist. What I did verify on pages I fetched: (a) NCES district search for San Mateo County lists 'Burlingame Elementary' as an elementary-only district, 3,380 students, 8 schools; (b) https://en.wikipedia.org/wiki/San_Mateo_Union_High_School_District states verbat"
,Fetters Hot Springs-Agua Caliente,Sonoma,Unincorporated community,,,7.3,,17.0,78.3,11.2,,,,,,,,,Sonoma Valley Unified,29.3,3,Sonoma Valley Unified,28.1,3,58.0,36.7,61507,2500,-3.8,,not established,"Not ranked - no data for crime, rent (no rental market covered by any publisher (every rent URL tried 404d or 500d); and unincorporated, policed by Sonoma County Sheriff - no place-level crime rate published, areavibes states the place is outside FBI coverage and its figures are demographic MODELS)",CAASPP 2025 (CDE),"enrolment trend only; assignment system and TK position not established; enrolment -3.8% 2023-25 (seats opening); DISTRICT RESOLVED. https://en.wikipedia.org/wiki/Fetters_Hot_Springs-Agua_Caliente,_California, Education section, verbatim: 'The school district is Sonoma Valley Unified School District.' Single K-12 unified district, so the same name in both fields. County confirmed Sonoma. RENT - the full hyphenated slug 404s on Zumper; splitting the double name and trying rentcafe.com/average-rent-market-trends/us/ca/agua-caliente/ returned HTTP 500. I did not fall back to Sonoma or Boyes Hot Springs figures. CRIME - deliberate"
,Kenwood,Sonoma,Unincorporated community,,41.4,41.3,,7.9,,8.8,,,,,,,6.1,14.9,Kenwood,67.6,9,Santa Rosa High,31.2,4,67.6,43.3,54242,1028,,"address-based attendance area — qualifier: single-school district (one TK-6 school), so the district boundary is effectively the attendance area; no lottery was described. Notably 49% of students come from outside the boundary via interdistrict transfer.",,"Not ranked - no data for rent, school/TK capacity (rent: no rental market covered by any publisher - Zumper has no page for this slug and RentCafe's Kenwood page prints ""n/a"" (no apartment buildings of 50+ units in this small Sonoma Valley community); crime: not re-researched in this pass, retain pass-1 value)",crimegrade.org; CAASPP 2025 (CDE); kenwoodschool.org,"District was not on this pass's missing list but was independently CONFIRMED here from two pages, and they agree. https://www.greatschools.org/california/kenwood/ shows ""Kenwood School District"", 124 students, grades K-6, 1 school, and lists no high school in the town. https://en.wikipedia.org/wiki/Kenwood,_California states ""The school districts are Kenwood Elementary School District and Santa Rosa High School District"" and confirms Sonoma County. Note the naming variance - GreatSchools and the CA directory call t"
,Lexington Hills,Santa Clara,Unincorporated community,,,91.5,,14.9,25.7,29.8,,,,,,,,,Los Gatos Union Elementary,79.1,10,Los Gatos-Saratoga Union High,75.6,10,60.6,47.6,164120,2530,4.1,address-based attendance area — but TK year specifically is site-preference with a lottery when oversubscribed,"Constrained — for 2026-27 ""all families registering for TK will indicate their site preference,"" and ""In the event demand exceeds capacity, those who register between February 2 and February 27 will be entered into a lottery to determine which site they will attend. Priority will be given to families with siblings at the requested school and then by attendance area.""","Not ranked - no data for crime, rent (rent: no rental market covered by any publisher; crime: unincorporated, policed by county sheriff - no place-level rate published (only a demographic model estimate exists))",CAASPP 2025 (CDE); lgusd.org (via search-result content; site blocked direct fetch with 403),"enrolment +4.1% 2023-25 (filling); address-based assignment; TK constrained; DISTRICT (confident, split elementary): Wikipedia 'Lexington Hills, California' Education section - most of the area is in Los Gatos Union Elementary School District with a portion in Loma Prieta Joint Union Elementary School District; for high school, 'All of it is in Los Gatos-Saratoga Joint Union School District.' This is a SPLIT district place (elementary and high are separate districts, not one unified). The CDP comprises Redwood Estates, Holy City, Chemeketa Park and Aldercroft Heights; the Redwood Estates en"
,Marin City,Marin,Unincorporated community,,,69.0,,78.8,96.7,52.6,,,,,,,,,Sausalito Marin City,51.4,8,Tamalpais Union High,61.5,9,20.9,8.1,317502,3061,-17.4,,not established,"Not ranked - no data for crime, rent (Rent: no rental market covered by any publisher. Crime: unincorporated, policed by county sheriff - no place-level rate published (areavibes' Marin City page self-declares its numbers are demographic estimates, not reported crime).)",CAASPP 2025 (CDE); smcsd.org,"enrolment trend only; assignment system and TK position not established; enrolment -17.4% 2023-25 (seats opening); RENT: RentCafe has a real 'Average Rent in Marin City, CA' page but the average-rent cell is n/a (Yardi feed covers only 50+ unit buildings). Zumper returns the generic national index. CRIME: crimegrade.org/violent-crime-marin-city-ca/ 404s. areavibes.com/marin+city-ca/crime/ confirms the place (Marin County, population 3,138) and shows violent 93 per 100,000 (=0.93/1k) and property 396 per 100,000 (=3.96/1k), but states outright that 'Marin City crime rates are not available from the FBI crime report' and that the"
,Pacheco,Contra Costa,Unincorporated community,,,30.0,,43.3,42.9,43.3,,,,,,,,,Mt. Diablo Unified,44.4,6,Mt. Diablo Unified,42.6,7,38.0,21.6,269879,4022,0.4,address-based attendance area,"Constrained — ""TK locations are determined according to feeder pattern clusters,"" meaning TK is not hosted at every elementary school and a family's TK site may not be its home school.","Not ranked - no data for crime, rent (Rent: no rental market covered by any publisher. Crime: unincorporated, policed by county sheriff - no place-level rate published (areavibes' page for Pacheco self-declares its numbers are demographic estimates, not reported crime).)",CAASPP 2025 (CDE); mdusd.org,"enrolment +0.4% 2023-25 (flat); address-based assignment; TK constrained; RENT: RentCafe has a real Pacheco, CA page (zip 94553) but the average-rent cell is n/a - its Yardi feed only covers buildings with 50+ units, and Pacheco has none. Zumper returns the generic national index. CRIME: crimegrade.org/violent-crime-pacheco-ca/ 404s. areavibes.com/pacheco-ca/crime/ does render figures - violent 382 per 100,000 (=3.82/1k) and property 1,632 per 100,000 (=16.32/1k) - but the page explicitly states 'Pacheco crime rates are not available from the FBI crime report' and that these are estimate"
,Stinson Beach,Marin,Unincorporated community,,24.1,70.0,,33.5,,22.8,,,,,,,6.9,22.7,Bolinas-Stinson Union,55.5,8,Tamalpais Union High,61.5,9,46.1,15.5,116527,632,,,,"Not ranked - no data for rent, school/TK capacity (rent: no rental market covered by any publisher)",crimegrade.org; CAASPP 2025 (CDE),"IN SCOPE THIS PASS: rent + district. RENT: RentCafe's Stinson Beach page loads and confirms Marin County but renders 'n/a' for average rent — its 50+-unit-building methodology finds nothing in a community of ~632 people. Zumper's /rent-research/stinson-beach-ca slug fell through to the generic landing page. Deliberately NOT substituting Mill Valley's or Bolinas' rent. DISTRICT: Bolinas-Stinson Union School District (offices in Bolinas) covers Bolinas, Stinson Beach and part of Muir Beach through 8th grade — the Sti"
,Vine Hill,Contra Costa,Unincorporated community,,,61.3,,44.9,32.6,39.5,,,,,,,,,Martinez Unified,54.3,8,Martinez Unified,48.0,8,37.8,21.5,238020,3761,2.0,"address-based attendance area (""resident school"")","Constrained after the initial window — TK/K enrollment runs a December 1 – January 12 window; applications after it ""are processed on a first come, first serve basis for space at your resident school."" No TK lottery or named waitlist was found.","Not ranked - no data for crime, rent (rent: no rental market covered by any publisher; crime: unincorporated, policed by county sheriff - no place-level rate published (only a demographic model estimate exists))","CAASPP 2025 (CDE); martinezusd.net (read via search-result excerpt only — martinezusd.net was unreachable directly: HTTP-2 PROTOCOL_ERROR / empty reply on every attempt via WebFetch, curl, and the browser pane; lower-confidence than directly-read districts)","enrolment +2.0% 2023-25 (flat); address-based assignment; TK constrained; DISTRICT (confident, with a split): Wikipedia 'Vine Hill, California' Education section states 'Most of Vine Hill is in the Martinez Unified School District, while a portion is in the Mount Diablo Unified School District.' Both are K-12 unified, so Martinez Unified goes in both fields as the majority district - but flag that a portion of the CDP is Mount Diablo Unified. GreatSchools' Martinez city page lists three districts touching Martinez (Mt. Diablo Unified, Martinez Unified, and the county office of education,"
,Menlo Oaks,San Mateo,Unincorporated community,,,,,51.6,,62.8,,,,,,,,,,,,,,,35.1,25.7,364456,3127,,,,"Not ranked - no data for crime, schools, rent, school/TK capacity (rent: no rental market covered by any publisher - zumper.com/rent-research/menlo-oaks-ca served the generic national page, rentcafe.com/average-rent-market-trends/us/ca/menlo-oaks/ returned HTTP 500 twice. crime: unincorporated, policed by county sheriff - no place-level rate published; crimegrade.org/violent-crime-menlo-oaks-ca/ 404, areavibes.com 404 on both slug forms (menlo-oaks-ca and menlo+oaks-ca), neighborhoodscout.com/ca/menlo-oaks/crime 404. district: genuinely unresolved - no page I could reach names the district serving this CDP)",,"THE ONLY PLACE IN THIS BATCH LEFT FULLY UNRESOLVED - all three fields stay null and each null is earned, not skipped. Menlo Oaks is a ~3,127-person unincorporated island inside Menlo Park's sphere and falls below every publisher's coverage floor. DISTRICT - what I ruled out rather than guessed: (1) https://en.wikipedia.org/wiki/Menlo_Oaks,_California has NO education section at all (it names only The Peninsula School, a private K-8 in the Coleman Mansion). (2) https://en.wikipedia.org/wiki/Menlo_Park,_California sp"
,Golden Gate Park,San Francisco,SF neighbourhood,,,,,,,,,,,,,,,,San Francisco Unified,50.1,7,San Francisco Unified,49.1,8,18.3,5.2,617938,50,0.3,choice lottery,CONSTRAINED — oversubscribed schools allocate limited TK openings by tiebreakers plus random numbers; families join waitlists after assignment,"Not ranked - parkland, negligible housing",safe-route.app; safemap.io; CAASPP 2025 (CDE); sfusd.edu,"enrolment +0.3% 2023-25 (flat); choice/lottery assignment; TK constrained; Essentially non-residential city park (pop ~50) - it has no rental market of its own, so all rent/listings fields are intentionally null rather than borrowed. Nearest real residential markets on its borders are Inner Sunset, Haight Ashbury and Inner Richmond (see their rows). Crime rates for parks are structurally unreliable: heavy daytime visitor traffic against almost no resident denominator, so no per-1,000 rate was recorded. SFUSD serves the whole city (per task instruction)."
,Lincoln Park,San Francisco,SF neighbourhood,,,,,,,,,,,,,,,,San Francisco Unified,50.1,7,San Francisco Unified,49.1,8,20.6,6.0,519250,50,0.3,choice lottery,CONSTRAINED — oversubscribed schools allocate limited TK openings by tiebreakers plus random numbers; families join waitlists after assignment,"Not ranked - parkland, negligible housing",CAASPP 2025 (CDE); sfusd.edu,"enrolment +0.3% 2023-25 (flat); choice/lottery assignment; TK constrained; Essentially non-residential: Lincoln Park is a city park in SF's NW corner whose main features are an 18-hole public golf course and the Legion of Honor museum (en.wikipedia.org, famsf.org, sfrecpark.org). Population ~50 means it has no rental market of its own -- all rent/listing/crime fields intentionally null rather than borrowed. Any household here would shop the adjacent Outer Richmond / Sea Cliff market; I did NOT copy those numbers in. School district: SFUSD (unified, so no separate union high school distric"
,McLaren Park,San Francisco,SF neighbourhood,,,,,,,,,,,,,,,,San Francisco Unified,50.1,7,San Francisco Unified,49.1,8,19.1,5.5,669519,80,0.3,choice lottery,CONSTRAINED — oversubscribed schools allocate limited TK openings by tiebreakers plus random numbers; families join waitlists after assignment,"Not ranked - parkland, negligible housing",CAASPP 2025 (CDE); sfusd.edu,"enrolment +0.3% 2023-25 (flat); choice/lottery assignment; TK constrained; Essentially non-residential at the ~80-population SF Planning polygon: John McLaren Park is a large city park (reservoir, Jerry Garcia Amphitheater, playgrounds). IMPORTANT TRAP -- real-estate sites DO publish a 'McLaren Park' neighbourhood (NeighborhoodScout: 23,863 people/sq mi, mostly renter-occupied 1940-69 stock; Redfin: median list price $888K, Jun 2026), but that is a much larger surrounding residential geography on the Portola / Visitacion Valley / Excelsior edge, not the park polygon in this batch. Per the"
,Presidio,San Francisco,SF neighbourhood,,,,,,,,,,,,,,,,San Francisco Unified,50.1,7,San Francisco Unified,49.1,8,14.6,4.0,600972,4000,0.3,choice lottery,CONSTRAINED — oversubscribed schools allocate limited TK openings by tiebreakers plus random numbers; families join waitlists after assignment,"Not ranked - parkland, negligible housing",reolink.com; CAASPP 2025 (CDE); sfusd.edu,"enrolment +0.3% 2023-25 (flat); choice/lottery assignment; TK constrained; Largely a national park site, not a conventional housing market - rent and listing fields left null per instruction. Correction worth flagging to the analyst: it is NOT fully non-residential. The Presidio Trust runs a managed rental portfolio (presidio.gov/rent-a-home, 'Presidio Residences', 222 Halleck St) of historic homes, townhouses, duplexes and apartments, with 9/12-month leases and 2-3 year market-rate leases. No median/average rent is published for it. Individual 2BR asks seen in results: 1546-D Pershing Dr"
